Customer_ID,Age,Monthly_Income,Loan_Amount,Loan_Tenure_Months,Credit_Utilization,Missed_Payments_Last_12M,Total_Active_Loans,Credit_History_Years,CIBIL_Score,CIBIL_Score_Band
100001,59,171498,1445796,180,0.68,5,6,6,417,Poor
100002,49,32772,1044620,48,0.82,3,1,23,647,Fair
100003,35,118754,1923410,60,0.43,0,6,21,688,Good
100004,63,18712,1811663,120,0.33,5,5,1,354,Poor
100005,28,147439,88578,180,0.89,2,1,6,648,Fair
100006,41,130142,664741,240,0.51,5,7,8,494,Poor
100007,59,106736,1514110,120,0.5,5,3,4,428,Poor
100008,39,66924,912147,24,0.21,3,0,14,679,Good
100009,43,18726,258859,180,0.15,1,7,17,748,Good
100010,31,104152,161435,60,0.81,8,5,3,365,Poor
100011,31,42723,790389,48,0.6,1,6,18,677,Good
100012,44,141969,1250114,48,0.34,2,2,19,714,Good
100013,56,115494,1980750,60,0.22,9,0,6,333,Poor
100014,60,155180,95475,60,0.55,0,7,7,709,Good
100015,44,50643,896574,60,0.58,6,0,16,542,Poor
100016,23,177396,1839096,36,0.24,0,1,12,713,Good
100017,42,118896,1256212,180,0.82,8,3,23,461,Poor
100018,22,154999,1252060,48,0.13,0,0,20,841,Excellent
100019,44,108680,1192102,180,0.37,4,6,22,619,Fair
100020,64,111546,1149577,120,0.66,6,6,10,422,Poor
100021,50,168515,894081,48,0.3,2,4,0,583,Fair
100022,58,94973,242029,36,0.79,8,4,1,352,Poor
100023,22,78449,478733,60,0.72,7,0,16,532,Poor
100024,41,124834,718516,24,0.76,2,1,4,591,Fair
100025,53,40537,990568,60,0.16,4,1,5,554,Fair
100026,32,92576,1648575,240,0.18,6,2,24,586,Fair
100027,42,122522,1652970,60,0.31,3,5,23,646,Fair
100028,64,37612,1950466,36,0.52,4,5,6,401,Poor
100029,45,21471,1581064,180,0.72,2,7,20,564,Fair
100030,47,181703,1491149,48,0.8,8,5,14,371,Poor
100031,62,46348,267583,60,0.68,9,3,18,460,Poor
100032,48,16177,413898,48,0.89,8,1,15,445,Poor
100033,36,150832,188286,12,0.71,6,2,24,657,Good
100034,35,47779,277189,120,0.33,9,4,12,444,Poor
100035,64,36636,1225055,180,0.29,1,6,4,565,Fair
100036,23,96889,1518919,48,0.68,6,5,2,332,Poor
100037,57,68551,1234789,24,0.22,6,4,2,411,Poor
100038,27,157628,603172,120,0.13,4,4,18,697,Good
100039,41,173670,1363428,240,0.53,8,0,13,453,Poor
100040,29,157635,854807,240,0.79,2,3,15,654,Good
100041,59,61819,1637952,24,0.14,3,2,21,664,Good
100042,38,88770,1418335,60,0.76,0,3,16,670,Good
100043,24,173038,1470858,120,0.78,5,0,3,440,Poor
100044,45,173059,1798982,48,0.48,3,2,12,571,Fair
100045,34,93714,322158,120,0.1,0,2,7,776,Excellent
100046,29,39596,1818361,60,0.21,1,1,18,690,Good
100047,46,179246,1495065,36,0.69,2,3,4,533,Poor
100048,22,79106,752495,180,0.69,8,3,1,329,Poor
100049,40,74182,1463562,24,0.86,7,1,14,409,Poor
100050,48,102163,1588814,60,0.57,6,7,1,313,Poor
100051,27,54310,128077,36,0.16,3,4,10,672,Good
100052,64,71088,1238360,120,0.16,0,0,12,749,Good
100053,28,143803,1304352,120,0.7,7,3,22,506,Poor
100054,55,154978,365018,60,0.22,3,1,9,698,Good
100055,34,51914,119087,48,0.35,2,6,2,600,Fair
100056,37,125350,1897305,120,0.49,8,7,4,300,Poor
100057,56,60379,1863205,48,0.07,9,2,2,300,Poor
100058,60,183722,863560,48,0.27,3,5,5,589,Fair
100059,24,192953,1691232,180,0.42,3,6,12,553,Fair
100060,22,61413,793859,48,0.3,8,1,9,451,Poor
100061,26,152084,1439678,12,0.17,1,5,18,719,Good
100062,62,196187,345064,180,0.71,4,4,7,572,Fair
100063,24,22151,301514,36,0.78,3,0,17,670,Good
100064,49,72716,978660,36,0.28,8,5,2,346,Poor
100065,38,108747,192180,120,0.75,4,7,23,651,Good
100066,46,182450,834192,120,0.4,8,4,23,554,Fair
100067,64,188724,485928,48,0.51,8,5,16,505,Poor
100068,54,159539,970114,180,0.82,1,2,7,623,Fair
100069,30,177082,651891,180,0.72,8,2,9,437,Poor
100070,56,136999,1132448,12,0.77,2,7,1,476,Poor
100071,34,129793,1371448,48,0.17,3,2,11,622,Fair
100072,51,123177,407246,12,0.11,0,2,22,897,Excellent
100073,35,27289,1587111,240,0.85,0,1,5,559,Fair
100074,28,191048,1482769,48,0.4,0,2,1,629,Fair
100075,34,189668,1905591,24,0.31,8,6,20,437,Poor
100076,43,169243,135774,24,0.7,7,2,22,617,Fair
100077,60,101365,438518,60,0.8,4,6,23,633,Fair
100078,41,129014,1297098,48,0.83,4,1,2,451,Poor
100079,36,190211,1318933,180,0.33,8,2,16,490,Poor
100080,38,194785,462672,120,0.82,2,7,6,581,Fair
100081,44,175806,1976126,36,0.09,2,4,20,684,Good
100082,46,87588,1164518,60,0.09,6,7,4,424,Poor
100083,45,78646,587977,120,0.61,8,4,22,509,Poor
100084,61,18654,1656140,24,0.11,5,3,0,405,Poor
100085,49,33743,1608141,48,0.34,1,4,7,572,Fair
100086,35,63368,1621128,60,0.66,0,0,11,648,Fair
100087,21,152513,676256,48,0.35,1,0,13,769,Excellent
100088,45,134735,463089,24,0.21,0,0,15,848,Excellent
100089,27,170683,1898058,60,0.3,9,1,9,360,Poor
100090,29,134891,640504,24,0.46,9,7,14,411,Poor
100091,44,122971,1838380,12,0.48,8,4,20,422,Poor
100092,21,27149,396184,24,0.75,9,7,23,435,Poor
100093,64,115102,595932,180,0.73,7,6,14,456,Poor
100094,28,74189,112021,180,0.46,6,0,9,570,Fair
100095,44,167747,742485,48,0.81,2,3,20,704,Good
100096,31,86031,510115,36,0.15,7,1,6,510,Poor
100097,37,57668,92291,24,0.28,1,3,2,677,Good
100098,28,159745,478276,120,0.8,1,4,1,597,Fair
100099,55,103204,444754,180,0.39,9,2,5,404,Poor
100100,55,169741,1003680,240,0.93,2,3,20,669,Good
100101,53,180140,353664,36,0.47,6,2,8,553,Fair
100102,25,155507,75675,12,0.76,0,1,9,761,Excellent
100103,62,198321,723647,60,0.41,7,3,3,451,Poor
100104,59,52384,312318,60,0.43,6,3,2,465,Poor
100105,61,96929,1190844,180,0.39,3,5,8,546,Poor
100106,48,142959,1395718,36,0.7,4,1,23,631,Fair
100107,27,91153,758672,180,0.54,9,1,21,495,Poor
100108,29,90388,679698,60,0.9,0,0,16,743,Good
100109,28,46401,387369,240,0.28,3,4,13,658,Good
100110,32,134503,1929822,24,0.14,0,3,9,661,Good
100111,54,142834,1445811,36,0.4,0,7,12,655,Good
100112,53,49084,362863,48,0.61,9,3,11,405,Poor
100113,43,125641,179887,24,0.82,0,6,0,615,Fair
100114,44,120111,346063,24,0.36,6,1,21,663,Good
100115,57,182523,1433875,24,0.64,6,7,18,477,Poor
100116,55,153299,383713,48,0.37,3,1,18,750,Excellent
100117,64,177982,1926336,240,0.61,1,4,5,541,Poor
100118,60,51041,1300130,12,0.85,2,1,12,575,Fair
100119,42,103920,1909626,240,0.26,7,2,18,476,Poor
100120,47,80681,608963,240,0.41,7,2,12,507,Poor
100121,55,96571,1593586,240,0.94,5,5,21,482,Poor
100122,21,142556,855351,120,0.83,9,2,20,450,Poor
100123,55,41160,840605,180,0.56,8,2,3,352,Poor
100124,57,32633,421513,60,0.51,8,4,23,529,Poor
100125,34,32014,862832,180,0.31,3,3,1,526,Poor
100126,23,95532,231517,36,0.52,0,2,14,790,Excellent
100127,21,64104,120305,240,0.81,0,7,11,680,Good
100128,25,187693,742924,12,0.67,9,5,6,349,Poor
100129,46,92231,1537606,36,0.31,4,1,19,619,Fair
100130,34,83388,522963,180,0.23,1,2,17,787,Excellent
100131,59,31014,1711655,60,0.29,5,5,22,539,Poor
100132,47,107578,1257610,48,0.2,6,4,12,504,Poor
100133,29,179827,528108,180,0.14,0,6,16,813,Excellent
100134,35,55390,1053346,24,0.43,5,6,3,420,Poor
100135,35,38711,644821,180,0.15,7,6,24,579,Fair
100136,46,106658,237256,24,0.2,4,1,13,693,Good
100137,62,72993,526128,48,0.54,6,5,19,557,Fair
100138,33,173285,1073920,180,0.2,9,2,12,453,Poor
100139,52,22421,940023,12,0.11,5,3,2,479,Poor
100140,59,32727,1764514,12,0.34,3,1,17,599,Fair
100141,52,127418,1753924,36,0.25,6,1,13,502,Poor
100142,24,19358,1772560,48,0.51,9,6,14,300,Poor
100143,50,80108,1083668,240,0.14,8,3,2,377,Poor
100144,57,109018,875626,12,0.73,9,6,0,300,Poor
100145,43,139457,1470623,180,0.87,9,1,23,429,Poor
100146,59,178189,1492181,48,0.72,6,2,16,496,Poor
100147,35,46910,1460023,60,0.53,4,6,2,400,Poor
100148,63,141888,292188,24,0.82,6,6,13,505,Poor
100149,49,70754,426047,180,0.68,2,7,2,532,Poor
100150,56,124847,903823,24,0.06,1,6,12,709,Good
100151,33,175443,287501,24,0.4,4,1,14,694,Good
100152,52,197573,1418722,240,0.82,3,2,17,608,Fair
100153,27,53467,347675,48,0.36,4,3,13,629,Fair
100154,42,163697,758175,48,0.08,7,0,20,644,Fair
100155,48,48893,1627850,36,0.72,3,3,2,429,Poor
100156,22,91329,1917306,24,0.77,8,2,18,376,Poor
100157,62,46007,313625,36,0.19,6,4,7,522,Poor
100158,26,185604,892840,240,0.53,9,6,3,320,Poor
100159,48,69253,250339,24,0.22,6,3,3,508,Poor
100160,48,27323,1744814,36,0.7,7,4,18,394,Poor
100161,64,126335,984339,36,0.29,5,4,10,539,Poor
100162,64,127356,175355,60,0.33,7,2,0,470,Poor
100163,40,125944,77798,36,0.81,2,2,7,650,Good
100164,50,160282,665937,48,0.48,9,7,14,414,Poor
100165,31,31456,1425607,36,0.65,9,6,0,300,Poor
100166,48,46367,69477,24,0.41,0,0,6,757,Excellent
100167,45,69624,1509058,36,0.32,5,5,20,547,Poor
100168,59,156178,267400,12,0.61,0,1,19,844,Excellent
100169,53,83008,1315636,120,0.19,8,3,19,489,Poor
100170,21,140926,439959,24,0.39,1,2,23,839,Excellent
100171,47,130395,1609757,12,0.24,1,3,10,647,Fair
100172,33,131492,1606407,240,0.68,6,5,13,423,Poor
100173,61,87240,1074374,24,0.9,1,5,21,665,Good
100174,23,79315,455105,48,0.95,9,6,15,368,Poor
100175,59,25756,1385055,120,0.46,7,4,13,411,Poor
100176,26,51378,1447330,120,0.28,5,6,11,469,Poor
100177,28,150327,323586,48,0.45,6,1,16,623,Fair
100178,47,160556,1931297,120,0.81,6,0,13,440,Poor
100179,29,140703,1938755,48,0.24,5,3,9,475,Poor
100180,57,71549,873759,12,0.91,9,1,23,451,Poor
100181,53,180575,983703,240,0.36,8,7,13,436,Poor
100182,62,88794,384971,60,0.94,8,0,17,489,Poor
100183,64,60113,1729328,24,0.8,6,3,21,462,Poor
100184,44,89069,181184,48,0.78,8,1,8,443,Poor
100185,35,151321,1185627,24,0.34,9,2,16,453,Poor
100186,52,165273,200653,240,0.06,2,3,5,716,Good
100187,52,140541,295300,12,0.39,2,1,7,698,Good
100188,44,24686,634010,60,0.32,0,5,12,714,Good
100189,61,68363,142036,240,0.08,4,0,17,746,Good
100190,32,112543,1851498,12,0.5,3,1,4,493,Poor
100191,59,146733,197595,120,0.41,1,2,5,714,Good
100192,22,190915,903392,24,0.62,8,6,20,481,Poor
100193,23,110673,1871573,180,0.61,2,3,18,604,Fair
100194,57,57828,331696,60,0.16,7,7,3,431,Poor
100195,37,63604,1615188,120,0.93,5,3,6,371,Poor
100196,22,25526,1240456,240,0.22,4,3,3,486,Poor
100197,22,83910,285419,60,0.45,0,2,24,870,Excellent
100198,48,40592,1040029,120,0.49,3,0,10,595,Fair
100199,43,43982,204692,12,0.78,2,3,11,641,Fair
100200,57,15207,313031,48,0.14,0,0,13,817,Excellent
100201,52,103733,343946,24,0.44,4,1,12,647,Fair
100202,53,139982,1707888,36,0.62,5,5,9,428,Poor
100203,21,83619,538765,36,0.24,1,7,17,734,Good
100204,39,175400,1868673,12,0.61,2,5,15,580,Fair
100205,22,61479,692927,240,0.88,5,0,4,464,Poor
100206,64,166175,1704802,24,0.95,3,0,7,500,Poor
100207,46,185963,1316389,240,0.08,8,5,13,465,Poor
100208,52,156826,1874964,24,0.26,4,3,4,478,Poor
100209,26,96437,1483466,12,0.33,3,4,23,660,Good
100210,52,113540,1911057,24,0.41,1,4,7,563,Fair
100211,24,87982,1438509,48,0.27,5,2,24,626,Fair
100212,31,117747,1707390,240,0.23,9,7,5,300,Poor
100213,37,63231,451062,12,0.91,1,6,15,649,Fair
100214,58,44301,533779,48,0.88,6,5,3,379,Poor
100215,44,187395,547952,24,0.09,2,5,11,720,Good
100216,25,33752,620508,12,0.35,8,2,10,448,Poor
100217,54,113452,882595,24,0.41,4,7,2,470,Poor
100218,26,159467,446981,240,0.27,7,4,11,533,Poor
100219,42,136237,429270,12,0.62,5,1,4,529,Poor
100220,31,71273,1966494,24,0.63,9,3,5,300,Poor
100221,36,106878,1173853,240,0.82,7,3,18,459,Poor
100222,53,19895,1055782,48,0.72,2,1,17,641,Fair
100223,29,134968,1618146,180,0.54,2,1,15,636,Fair
100224,26,130700,533455,48,0.64,4,7,22,636,Fair
100225,36,91559,1989253,24,0.3,9,4,10,307,Poor
100226,49,25699,172332,12,0.58,2,2,4,616,Fair
100227,23,24715,1332807,36,0.49,7,1,8,401,Poor
100228,40,34169,597219,48,0.17,9,2,2,373,Poor
100229,56,133413,139116,48,0.27,7,7,7,487,Poor
100230,39,162235,301671,240,0.31,1,6,5,682,Good
100231,46,134264,1940641,120,0.88,3,0,3,448,Poor
100232,23,20782,1572494,36,0.26,9,3,11,342,Poor
100233,39,139481,1674777,24,0.31,0,4,11,669,Good
100234,40,50585,824504,180,0.38,3,3,24,711,Good
100235,52,45682,1717640,12,0.65,3,4,20,563,Fair
100236,27,193936,1124567,120,0.16,9,7,15,434,Poor
100237,61,144992,564265,24,0.91,8,0,9,431,Poor
100238,53,99416,1808781,60,0.83,2,3,21,604,Fair
100239,60,142810,678380,180,0.57,1,0,13,739,Good
100240,59,53067,279577,48,0.66,8,7,12,410,Poor
100241,38,188757,760672,60,0.06,8,4,8,483,Poor
100242,60,33073,453777,48,0.36,0,1,6,718,Good
100243,21,51035,1859977,48,0.77,5,6,11,377,Poor
100244,31,105373,145556,60,0.12,9,3,4,443,Poor
100245,48,98362,1947883,180,0.3,7,0,17,479,Poor
100246,45,105517,1255565,240,0.58,2,5,3,516,Poor
100247,43,80450,1422840,60,0.28,8,3,1,325,Poor
100248,51,25382,445204,24,0.89,1,3,2,566,Fair
100249,50,150509,1605537,120,0.17,5,3,11,529,Poor
100250,62,76929,1995049,120,0.77,0,2,2,517,Poor
100251,55,113864,702755,60,0.51,6,0,3,481,Poor
100252,27,158401,1619192,24,0.73,2,0,5,550,Fair
100253,36,40169,1506048,240,0.33,6,3,11,450,Poor
100254,46,102468,1479210,120,0.51,3,7,18,570,Fair
100255,22,49594,793088,24,0.82,8,7,9,325,Poor
100256,21,60033,700443,240,0.47,4,1,0,506,Poor
100257,32,78133,1388950,24,0.37,2,3,16,646,Fair
100258,25,88861,548682,48,0.53,7,2,15,524,Poor
100259,57,198362,109778,120,0.7,5,4,8,566,Fair
100260,52,46750,1144409,240,0.45,1,2,24,755,Excellent
100261,29,55461,859057,120,0.89,2,7,20,611,Fair
100262,61,93222,606376,48,0.32,7,1,8,500,Poor
100263,55,127020,1833586,60,0.48,9,7,22,375,Poor
100264,39,39226,1464657,48,0.73,6,7,8,341,Poor
100265,36,21721,1563083,120,0.67,9,7,11,300,Poor
100266,23,35609,1294951,120,0.83,5,3,22,528,Poor
100267,40,198202,126361,180,0.95,0,7,8,679,Good
100268,44,145513,1448949,240,0.43,8,0,14,458,Poor
100269,53,119211,1233765,60,0.15,2,6,1,547,Poor
100270,44,194967,1713129,48,0.08,4,5,10,552,Fair
100271,31,151728,572154,240,0.7,6,3,10,506,Poor
100272,28,139865,672006,12,0.84,6,1,7,473,Poor
100273,56,89520,1421430,240,0.25,2,0,22,739,Good
100274,58,79309,1061930,12,0.19,3,2,5,581,Fair
100275,60,44984,1717740,60,0.11,9,7,20,388,Poor
100276,40,133947,1034558,48,0.79,6,4,19,515,Poor
100277,55,20901,1129525,48,0.33,7,4,6,389,Poor
100278,45,177624,1835818,24,0.41,1,6,2,528,Poor
100279,55,46055,904568,120,0.5,8,3,7,377,Poor
100280,45,183757,1210117,36,0.81,6,2,17,517,Poor
100281,49,160788,1818555,180,0.64,7,6,16,399,Poor
100282,38,129099,111842,240,0.6,5,5,10,563,Fair
100283,38,26138,538019,60,0.21,5,5,1,473,Poor
100284,22,181370,1331506,36,0.51,8,6,24,489,Poor
100285,55,197184,339134,240,0.69,3,1,20,744,Good
100286,36,38429,721553,36,0.93,4,4,23,596,Fair
100287,61,65200,1390829,60,0.23,8,2,18,475,Poor
100288,56,194316,180356,48,0.06,0,3,6,805,Excellent
100289,53,116268,818917,60,0.12,3,7,17,666,Good
100290,24,32347,787090,240,0.39,6,0,7,496,Poor
100291,53,162992,964565,36,0.79,8,3,13,421,Poor
100292,34,46822,1788446,120,0.06,9,3,6,317,Poor
100293,41,192731,837738,180,0.46,5,2,20,651,Good
100294,40,55108,1102425,180,0.35,7,4,3,375,Poor
100295,28,143955,62360,120,0.1,8,2,16,604,Fair
100296,27,22967,423216,120,0.46,9,0,4,385,Poor
100297,23,125719,827567,48,0.28,3,6,11,611,Fair
100298,37,26871,669055,240,0.37,0,2,8,704,Good
100299,53,179685,311445,12,0.69,7,1,19,593,Fair
100300,32,43179,1799736,60,0.52,1,3,12,588,Fair
100301,42,198260,1620234,180,0.16,0,4,24,813,Excellent
100302,42,70099,480179,120,0.92,6,7,17,478,Poor
100303,50,50262,104330,60,0.62,9,5,19,469,Poor
100304,58,93213,101707,180,0.74,8,0,8,465,Poor
100305,58,132407,330833,120,0.12,8,5,3,443,Poor
100306,28,164340,1651948,240,0.09,2,3,20,716,Good
100307,47,101269,1138963,180,0.07,5,2,7,542,Poor
100308,47,75545,1959824,48,0.22,6,5,0,329,Poor
100309,54,54922,1625506,12,0.42,9,1,16,389,Poor
100310,41,57913,1927145,12,0.89,8,2,24,398,Poor
100311,50,112033,1571624,120,0.46,1,3,8,602,Fair
100312,53,119792,236633,180,0.31,7,5,19,587,Fair
100313,48,195913,1947268,48,0.56,6,7,12,402,Poor
100314,53,192404,1769374,24,0.15,3,6,1,491,Poor
100315,25,134863,884874,60,0.6,1,0,12,709,Good
100316,39,171104,939493,60,0.56,7,5,8,428,Poor
100317,24,183918,446210,36,0.76,4,7,19,620,Fair
100318,55,59936,828799,48,0.94,5,6,5,394,Poor
100319,37,175866,1486564,180,0.28,6,6,0,380,Poor
100320,64,196403,1460295,240,0.51,9,5,24,458,Poor
100321,48,43141,838245,240,0.87,0,4,4,583,Fair
100322,50,155146,929459,36,0.76,7,5,2,352,Poor
100323,49,152478,134381,120,0.49,3,3,3,615,Fair
100324,26,112359,1872744,180,0.9,8,6,0,300,Poor
100325,55,138279,891708,36,0.1,0,0,13,812,Excellent
100326,61,169363,1926251,12,0.89,1,3,8,539,Poor
100327,57,56568,243984,60,0.1,5,1,23,734,Good
100328,44,112539,1158848,180,0.54,9,2,3,315,Poor
100329,49,61851,1594492,36,0.85,0,5,17,625,Fair
100330,51,69823,1795987,12,0.29,3,4,13,551,Fair
100331,55,38312,1046358,48,0.48,7,0,24,567,Fair
100332,53,189180,788096,36,0.34,9,4,3,372,Poor
100333,41,180243,303091,120,0.91,4,4,24,683,Good
100334,52,187851,902050,120,0.79,8,4,9,391,Poor
100335,43,113723,314064,120,0.69,5,5,2,467,Poor
100336,53,27411,1204697,180,0.58,0,0,22,768,Excellent
100337,23,72009,520435,240,0.79,5,0,6,508,Poor
100338,38,161494,651160,240,0.4,5,6,9,535,Poor
100339,45,188540,1966140,60,0.45,5,4,12,476,Poor
100340,62,47371,314237,36,0.71,7,6,3,373,Poor
100341,51,72022,325049,48,0.37,5,6,17,602,Fair
100342,23,86229,696047,36,0.11,4,2,10,627,Fair
100343,60,114071,467567,60,0.12,1,5,24,839,Excellent
100344,44,197268,1391701,12,0.15,3,5,3,549,Poor
100345,52,111774,1958911,60,0.83,9,3,23,366,Poor
100346,42,41715,1955829,120,0.48,4,7,13,442,Poor
100347,43,42605,1469920,180,0.69,9,6,17,323,Poor
100348,22,114853,132289,12,0.4,3,5,7,627,Fair
100349,47,46174,690794,180,0.28,1,4,9,672,Good
100350,62,156028,1701377,120,0.36,6,7,4,369,Poor
100351,22,91373,1511666,24,0.76,9,1,22,416,Poor
100352,46,84252,1804867,60,0.61,9,4,6,300,Poor
100353,37,85017,1499466,60,0.89,1,0,11,602,Fair
100354,60,78037,1411236,48,0.66,0,5,24,723,Good
100355,53,104818,309480,36,0.56,4,7,2,495,Poor
100356,29,21548,1884907,12,0.6,0,5,3,508,Poor
100357,63,131981,1814622,240,0.9,0,3,9,578,Fair
100358,59,169249,1586643,180,0.76,0,6,3,547,Poor
100359,49,39022,1429932,12,0.07,5,1,14,566,Fair
100360,62,121297,183498,48,0.53,8,5,9,450,Poor
100361,46,151614,1352600,48,0.67,9,3,20,422,Poor
100362,55,75428,1753834,180,0.72,0,3,21,684,Good
100363,45,168812,1188585,240,0.24,4,1,15,647,Fair
100364,44,74353,773858,36,0.83,8,4,14,403,Poor
100365,33,128132,473159,180,0.91,8,4,18,465,Poor
100366,27,31052,771755,180,0.26,0,4,19,778,Excellent
100367,56,115689,94816,120,0.84,7,2,18,555,Fair
100368,40,193148,54138,240,0.14,0,6,17,863,Excellent
100369,21,199492,1189752,36,0.1,7,7,11,476,Poor
100370,28,146743,1436665,60,0.17,0,6,24,791,Excellent
100371,36,15163,840449,120,0.1,4,4,15,615,Fair
100372,34,56424,846883,24,0.81,7,1,0,347,Poor
100373,32,199816,1816892,240,0.1,5,2,15,578,Fair
100374,43,156706,406007,36,0.29,8,6,1,398,Poor
100375,35,150870,846710,48,0.14,0,4,23,855,Excellent
100376,48,37420,271552,120,0.32,8,2,14,513,Poor
100377,54,135575,93764,36,0.13,0,7,6,746,Good
100378,22,44300,173030,12,0.65,9,1,0,346,Poor
100379,52,104881,968638,180,0.17,9,4,4,361,Poor
100380,43,25749,1947951,24,0.82,2,7,9,435,Poor
100381,42,119131,1718531,60,0.79,0,0,21,721,Good
100382,45,171193,366462,180,0.06,2,7,20,785,Excellent
100383,42,143563,939855,12,0.86,1,5,3,554,Fair
100384,42,52487,1464718,12,0.08,1,1,13,698,Good
100385,62,179433,110128,24,0.27,8,7,12,509,Poor
100386,26,36223,269128,60,0.08,7,7,0,415,Poor
100387,35,87930,858301,48,0.35,0,3,15,756,Excellent
100388,63,160128,1332116,120,0.51,3,3,22,671,Good
100389,57,43380,55039,240,0.77,0,7,8,660,Good
100390,53,41035,202353,60,0.35,0,7,21,802,Excellent
100391,28,45620,162935,240,0.68,3,1,15,674,Good
100392,64,165949,1633306,36,0.22,1,3,18,722,Good
100393,64,132360,1958796,12,0.73,2,6,14,527,Poor
100394,25,68352,1388306,36,0.26,8,1,13,442,Poor
100395,59,176983,103053,48,0.18,1,0,19,890,Excellent
100396,24,178856,1280137,36,0.22,3,1,9,632,Fair
100397,26,18191,1837040,60,0.21,0,4,20,703,Good
100398,52,179232,136346,36,0.51,1,4,11,745,Good
100399,50,105536,379231,48,0.81,4,2,0,494,Poor
100400,55,119576,455841,48,0.12,9,3,20,550,Fair
100401,60,195795,608685,48,0.69,0,7,16,735,Good
100402,36,18631,1419391,60,0.64,6,5,8,369,Poor
100403,33,152244,166214,48,0.84,3,3,22,723,Good
100404,62,57080,535001,12,0.27,5,6,18,601,Fair
100405,50,105353,903329,180,0.46,7,1,24,591,Fair
100406,39,166353,1780085,48,0.88,5,5,17,463,Poor
100407,37,43671,1037410,36,0.64,1,5,6,566,Fair
100408,39,137811,1497075,120,0.4,0,7,8,618,Fair
100409,48,197503,450826,36,0.17,7,7,21,606,Fair
100410,46,142734,486542,120,0.29,7,3,20,604,Fair
100411,57,174674,1375644,36,0.57,8,5,11,382,Poor
100412,46,66399,687431,60,0.7,5,5,6,454,Poor
100413,43,169544,422397,36,0.16,0,4,13,812,Excellent
100414,29,195302,412441,60,0.59,8,0,14,537,Poor
100415,32,22099,1885877,60,0.55,2,7,14,512,Poor
100416,21,171503,933520,48,0.51,5,1,5,521,Poor
100417,21,71492,1886022,12,0.67,9,3,20,355,Poor
100418,54,111722,584391,120,0.8,9,7,13,360,Poor
100419,52,193756,1574314,48,0.34,8,4,1,329,Poor
100420,45,45111,1995325,48,0.85,2,6,7,428,Poor
100421,60,78936,476674,180,0.19,4,7,12,599,Fair
100422,21,168686,1058109,60,0.21,4,6,22,667,Good
100423,36,188063,132409,60,0.29,9,2,5,466,Poor
100424,59,75920,1121824,120,0.16,6,5,4,436,Poor
100425,25,78530,1580952,36,0.26,3,5,4,493,Poor
100426,42,182296,748876,36,0.15,3,3,24,784,Excellent
100427,49,22788,1778106,240,0.79,6,0,0,310,Poor
100428,23,43082,1106600,48,0.18,8,0,8,437,Poor
100429,32,138287,525430,240,0.72,3,3,5,568,Fair
100430,46,104570,1333440,24,0.09,3,3,19,681,Good
100431,36,116015,1970955,24,0.9,5,4,6,352,Poor
100432,57,98588,1273451,240,0.69,5,6,8,424,Poor
100433,42,162603,986800,36,0.06,6,3,4,505,Poor
100434,49,103340,1452549,24,0.74,0,6,13,620,Fair
100435,34,109439,1977716,180,0.51,2,7,4,455,Poor
100436,48,190929,1971672,36,0.75,8,7,7,300,Poor
100437,25,156214,1510049,60,0.52,5,2,6,467,Poor
100438,50,130053,1242503,48,0.63,5,6,12,475,Poor
100439,25,63355,1183754,12,0.76,4,4,12,499,Poor
100440,32,155938,1097380,48,0.41,2,7,7,576,Fair
100441,36,140426,937553,240,0.05,4,5,10,601,Fair
100442,46,79027,1615116,36,0.81,0,5,17,633,Fair
100443,46,174210,856457,240,0.39,2,7,24,739,Good
100444,41,107601,1496250,180,0.5,3,7,18,572,Fair
100445,59,44956,1162186,36,0.06,4,7,5,493,Poor
100446,56,119797,1693707,48,0.49,9,6,21,385,Poor
100447,53,139917,681525,180,0.94,8,5,1,303,Poor
100448,50,141303,1575753,180,0.3,3,5,12,571,Fair
100449,57,151511,1803767,180,0.41,2,1,22,698,Good
100450,43,193313,748787,120,0.67,9,7,24,475,Poor
100451,30,57533,1585601,36,0.78,0,2,10,607,Fair
100452,25,174342,1753163,24,0.43,9,7,0,300,Poor
100453,56,93815,1530298,24,0.33,5,4,23,585,Fair
100454,54,54279,1104244,36,0.89,6,4,1,329,Poor
100455,51,124787,1321118,36,0.66,9,5,16,366,Poor
100456,30,169960,228267,120,0.16,7,7,7,505,Poor
100457,39,163702,1958241,24,0.11,0,0,1,637,Fair
100458,52,76063,205489,36,0.49,3,4,5,593,Fair
100459,21,142896,394126,36,0.25,4,7,21,689,Good
100460,25,181216,1728997,240,0.28,1,2,4,609,Fair
100461,24,198233,1895759,120,0.84,0,3,15,647,Fair
100462,36,197051,358362,120,0.13,7,7,7,506,Poor
100463,44,112661,963081,48,0.69,5,2,18,573,Fair
100464,36,153051,1892360,120,0.29,4,5,15,540,Poor
100465,22,172261,1832988,12,0.73,8,5,12,333,Poor
100466,48,188672,1187411,24,0.7,1,1,19,735,Good
100467,52,138257,1720357,48,0.06,9,6,6,320,Poor
100468,47,101205,865359,12,0.51,7,4,15,485,Poor
100469,40,21910,1795030,36,0.18,9,6,22,392,Poor
100470,44,61857,151948,240,0.83,8,7,15,427,Poor
100471,32,49964,1283770,240,0.83,0,6,11,591,Fair
100472,55,171299,1652357,36,0.43,6,4,13,472,Poor
100473,53,152050,1565331,48,0.45,7,4,23,515,Poor
100474,53,32153,343851,120,0.32,2,7,17,690,Good
100475,63,74765,1822750,180,0.69,3,5,17,525,Poor
100476,57,123212,1236944,240,0.37,2,4,15,654,Good
100477,32,54071,1255046,180,0.29,6,0,19,573,Fair
100478,23,127990,347986,36,0.44,8,0,15,548,Poor
100479,21,84519,63261,180,0.13,2,3,12,751,Excellent
100480,53,24503,1175285,60,0.72,5,4,8,426,Poor
100481,60,110457,1718849,48,0.06,7,1,8,447,Poor
100482,30,162977,418760,12,0.63,5,3,12,581,Fair
100483,63,60838,903605,48,0.21,1,5,3,610,Fair
100484,64,140200,1392501,24,0.26,6,4,8,463,Poor
100485,49,104489,325796,120,0.62,1,0,14,758,Excellent
100486,33,41806,1365823,120,0.94,1,1,13,599,Fair
100487,32,191072,1386220,48,0.75,1,7,18,645,Fair
100488,51,168240,820692,36,0.25,0,3,11,763,Excellent
100489,22,85119,1723200,36,0.21,0,1,20,762,Excellent
100490,55,53714,478745,60,0.83,6,4,24,570,Fair
100491,43,70419,687787,60,0.45,4,2,5,542,Poor
100492,37,195217,723812,120,0.17,2,1,2,666,Good
100493,46,120432,885825,60,0.83,0,1,24,798,Excellent
100494,28,107949,1522966,240,0.78,9,5,21,370,Poor
100495,49,148533,1556242,240,0.94,5,0,19,534,Poor
100496,46,160363,740796,12,0.87,0,7,15,684,Good
100497,30,192876,1408126,60,0.82,8,4,19,429,Poor
100498,46,91971,375203,12,0.1,1,1,23,875,Excellent
100499,54,108471,1769890,60,0.14,0,4,22,760,Excellent
100500,61,79946,394866,120,0.56,6,0,16,593,Fair
100501,27,113989,825107,120,0.53,5,5,15,550,Fair
100502,24,99080,586644,12,0.46,5,4,5,503,Poor
100503,31,92794,702416,48,0.41,4,6,7,528,Poor
100504,49,45841,1066003,120,0.44,3,0,18,665,Good
100505,56,139447,1100763,48,0.56,3,0,24,724,Good
100506,45,135029,1962251,36,0.05,2,7,1,496,Poor
100507,41,194830,1920106,240,0.28,9,3,13,380,Poor
100508,56,91272,1584263,12,0.52,7,5,21,461,Poor
100509,30,52643,726585,180,0.7,6,5,11,452,Poor
100510,57,196480,1757542,120,0.21,8,7,16,421,Poor
100511,29,58950,1942628,24,0.54,0,6,14,599,Fair
100512,44,115500,1524620,36,0.69,6,4,17,466,Poor
100513,55,174116,1224846,48,0.45,9,2,15,435,Poor
100514,55,140588,1899395,120,0.07,3,6,12,563,Fair
100515,56,30997,381607,12,0.45,6,3,20,595,Fair
100516,38,94751,1039336,180,0.32,0,5,16,735,Good
100517,59,113605,817286,60,0.89,4,0,7,528,Poor
100518,52,169983,1079933,180,0.16,2,5,0,575,Fair
100519,44,70533,970095,24,0.64,4,6,24,609,Fair
100520,43,97566,1090950,48,0.1,3,2,2,571,Fair
100521,52,160643,815791,36,0.45,1,1,15,754,Excellent
100522,57,123255,1016020,180,0.55,3,1,1,533,Poor
100523,32,73005,403827,12,0.32,2,7,14,673,Good
100524,33,58541,1684925,24,0.46,0,5,0,528,Poor
100525,43,38387,1858361,12,0.2,9,5,8,300,Poor
100526,45,108980,1179833,120,0.32,7,3,15,495,Poor
100527,55,194980,111753,60,0.61,4,5,3,560,Fair
100528,61,100457,921206,36,0.32,3,2,11,631,Fair
100529,50,159129,1502879,12,0.86,9,5,0,300,Poor
100530,37,79028,1522608,48,0.62,4,4,0,397,Poor
100531,40,134246,1121984,120,0.44,3,6,6,531,Poor
100532,45,70731,174116,120,0.08,2,7,17,744,Good
100533,42,170930,1072780,36,0.5,4,2,22,671,Good
100534,33,194761,705496,120,0.74,3,3,22,704,Good
100535,39,59638,67413,48,0.29,0,4,14,800,Excellent
100536,56,192558,687938,12,0.78,2,4,24,741,Good
100537,32,35567,1158076,36,0.28,9,6,12,355,Poor
100538,61,175811,920946,240,0.79,9,1,15,429,Poor
100539,39,72804,1154934,120,0.13,7,2,6,447,Poor
100540,32,123821,116197,120,0.83,6,6,15,528,Poor
100541,29,18754,543992,48,0.5,1,4,12,673,Good
100542,27,42044,1846725,60,0.32,0,3,13,650,Good
100543,48,82260,273492,60,0.29,2,6,16,716,Good
100544,34,81912,835833,180,0.44,4,1,11,593,Fair
100545,51,23706,476070,120,0.95,9,4,23,434,Poor
100546,39,23894,126240,240,0.25,0,6,23,841,Excellent
100547,36,164109,285595,12,0.14,2,2,19,822,Excellent
100548,25,98986,1621286,36,0.58,2,1,12,596,Fair
100549,55,96942,1843999,120,0.49,4,2,23,597,Fair
100550,32,197684,1377042,24,0.52,2,2,19,699,Good
100551,45,44725,1998061,36,0.65,8,2,14,338,Poor
100552,41,151998,1105544,180,0.29,0,6,23,796,Excellent
100553,56,119555,339662,60,0.87,3,1,20,699,Good
100554,43,24496,888357,240,0.44,9,6,3,300,Poor
100555,36,71447,240920,120,0.17,9,6,21,525,Poor
100556,59,116604,948332,48,0.72,3,6,1,466,Poor
100557,62,175878,929854,24,0.63,0,4,17,749,Good
100558,59,103199,1362420,120,0.33,1,5,1,555,Fair
100559,34,56321,1978790,240,0.61,0,0,24,727,Good
100560,51,168728,282076,180,0.25,5,4,14,645,Fair
100561,25,70147,1121775,12,0.45,2,1,18,691,Good
100562,55,106396,487805,24,0.86,6,0,14,542,Poor
100563,43,195738,213187,180,0.17,4,0,19,783,Excellent
100564,49,53787,505150,120,0.4,8,0,9,470,Poor
100565,63,36727,559551,12,0.79,6,5,23,545,Poor
100566,31,110081,1612518,24,0.92,3,6,19,531,Poor
100567,38,137721,1808252,12,0.46,4,7,10,461,Poor
100568,32,83056,1104096,12,0.51,4,3,9,527,Poor
100569,29,149153,1732678,24,0.56,4,1,22,615,Fair
100570,30,180268,217527,24,0.89,9,7,4,327,Poor
100571,64,182807,820644,12,0.82,8,5,8,375,Poor
100572,37,95102,697652,180,0.2,9,5,19,486,Poor
100573,58,171570,1637819,240,0.44,2,3,18,662,Good
100574,27,91865,1273697,60,0.47,5,0,12,540,Poor
100575,33,177728,1767853,24,0.76,7,6,17,402,Poor
100576,60,82695,1037797,120,0.59,8,3,16,439,Poor
100577,62,183972,1570373,36,0.64,6,7,5,363,Poor
100578,29,132235,300144,48,0.95,2,7,9,584,Fair
100579,47,193773,114925,12,0.12,0,3,1,763,Excellent
100580,22,123777,419360,12,0.25,3,5,23,753,Excellent
100581,25,34033,644557,48,0.42,5,1,5,513,Poor
100582,49,156877,998458,60,0.36,2,2,20,744,Good
100583,57,181923,1040121,48,0.07,0,6,12,749,Good
100584,58,41832,1402178,24,0.13,5,7,17,526,Poor
100585,39,130725,1449757,48,0.66,0,7,6,572,Fair
100586,28,160016,1775049,12,0.84,8,3,1,300,Poor
100587,21,34873,1198553,48,0.51,0,6,13,647,Fair
100588,42,55372,1604414,36,0.54,5,3,4,400,Poor
100589,37,104464,1617739,120,0.28,0,0,17,754,Excellent
100590,27,161451,533442,24,0.74,6,6,10,477,Poor
100591,45,132322,880371,48,0.73,2,0,9,634,Fair
100592,24,182823,1127921,12,0.58,5,7,10,480,Poor
100593,56,115082,829976,180,0.24,6,5,1,437,Poor
100594,26,20110,1470827,120,0.14,0,0,14,734,Good
100595,51,27087,1059869,24,0.11,0,6,6,648,Fair
100596,39,169834,1884662,12,0.58,4,4,8,465,Poor
100597,64,97617,543814,60,0.79,5,6,4,438,Poor
100598,59,115483,381310,36,0.82,8,3,6,394,Poor
100599,47,24596,1801797,240,0.47,0,0,19,709,Good
100600,30,122539,147406,60,0.76,3,1,1,577,Fair
100601,46,33313,1410018,240,0.9,9,4,2,300,Poor
100602,39,128175,1014725,36,0.3,7,5,1,384,Poor
100603,59,129914,1405662,48,0.41,9,2,20,452,Poor
100604,23,38705,1626317,24,0.89,8,3,21,383,Poor
100605,33,88445,1725675,48,0.35,2,3,22,672,Good
100606,48,118892,629223,36,0.87,1,1,18,730,Good
100607,40,17023,434583,36,0.93,3,2,3,508,Poor
100608,48,134654,1797306,36,0.65,1,7,23,648,Fair
100609,28,95073,1071436,240,0.79,0,2,19,730,Good
100610,61,107197,844760,120,0.72,2,5,6,556,Fair
100611,59,79429,1114110,12,0.68,6,5,21,511,Poor
100612,21,119195,1970288,24,0.33,0,4,6,597,Fair
100613,23,48848,1052429,48,0.1,1,7,16,691,Good
100614,33,183876,1659184,48,0.36,0,3,18,743,Good
100615,48,161451,1672034,60,0.65,7,0,21,510,Poor
100616,45,42766,1199122,240,0.14,4,5,15,580,Fair
100617,53,83099,654489,36,0.06,7,1,2,476,Poor
100618,58,182132,1096439,180,0.18,2,1,14,727,Good
100619,26,84122,808761,36,0.69,6,1,13,512,Poor
100620,64,162159,1369360,36,0.93,7,6,14,384,Poor
100621,52,63868,281324,180,0.93,5,7,13,494,Poor
100622,41,134119,534273,48,0.49,6,7,6,457,Poor
100623,36,169297,1783985,60,0.83,1,5,24,665,Good
100624,41,110286,1497410,12,0.71,7,5,2,300,Poor
100625,31,21643,1332188,180,0.5,4,1,16,568,Fair
100626,57,51727,1809989,240,0.57,6,7,9,344,Poor
100627,56,157077,969424,120,0.17,0,7,14,741,Good
100628,55,124079,356081,24,0.89,4,5,5,502,Poor
100629,39,80697,775084,240,0.37,0,6,16,736,Good
100630,40,31029,1241855,180,0.45,7,0,16,489,Poor
100631,38,160298,1295422,12,0.65,3,0,13,615,Fair
100632,61,174803,738332,48,0.35,3,4,23,740,Good
100633,34,124458,1502591,120,0.28,1,7,24,721,Good
100634,35,125384,776448,120,0.62,4,3,17,617,Fair
100635,51,83926,472132,120,0.07,0,0,24,900,Excellent
100636,21,152069,120463,36,0.7,8,4,4,414,Poor
100637,23,70506,143500,24,0.51,4,2,7,594,Fair
100638,36,93229,1306348,48,0.6,5,3,6,444,Poor
100639,43,195887,611446,48,0.62,1,7,22,756,Excellent
100640,31,57092,1183183,120,0.52,9,0,3,319,Poor
100641,32,77539,819305,48,0.57,9,6,17,400,Poor
100642,30,167889,383840,24,0.67,0,2,4,701,Good
100643,52,183933,897942,24,0.73,3,4,15,621,Fair
100644,36,28428,170076,60,0.7,6,0,13,555,Fair
100645,28,190006,1157268,180,0.83,5,7,18,514,Poor
100646,58,156330,705129,180,0.22,9,0,13,503,Poor
100647,32,72775,767104,60,0.41,0,5,8,675,Good
100648,44,20469,852242,12,0.9,0,2,5,600,Fair
100649,48,43854,972630,180,0.41,7,0,16,519,Poor
100650,28,152328,211081,24,0.16,3,1,18,789,Excellent
100651,48,91256,1210294,24,0.52,4,6,11,506,Poor
100652,56,180009,1451652,180,0.15,6,5,3,434,Poor
100653,46,114134,574480,24,0.23,7,5,15,536,Poor
100654,28,147723,297536,60,0.95,9,0,24,534,Poor
100655,48,196360,86413,120,0.54,6,6,10,547,Poor
100656,48,99730,1242464,120,0.31,1,5,21,726,Good
100657,57,171123,1661946,48,0.95,3,3,3,443,Poor
100658,61,42386,901480,240,0.92,9,2,16,373,Poor
100659,56,162256,1745994,240,0.45,0,3,7,631,Fair
100660,47,48787,625228,120,0.28,9,4,13,430,Poor
100661,37,36621,1786066,36,0.8,8,3,1,300,Poor
100662,29,92984,614430,60,0.69,2,6,10,596,Fair
100663,53,191325,1621356,24,0.67,2,1,10,597,Fair
100664,40,49051,86468,180,0.85,9,5,23,475,Poor
100665,33,64811,998202,120,0.67,8,6,21,437,Poor
100666,48,45447,716015,60,0.31,9,5,23,488,Poor
100667,49,143046,1277545,120,0.67,2,7,5,510,Poor
100668,33,176326,1521867,12,0.33,7,1,20,547,Poor
100669,55,99045,976863,24,0.73,1,5,20,689,Good
100670,26,131859,965480,12,0.61,2,3,13,643,Fair
100671,38,160544,1593989,24,0.12,1,7,9,623,Fair
100672,25,18471,1334763,60,0.51,0,7,7,574,Fair
100673,45,135312,92056,48,0.36,1,4,6,713,Good
100674,22,154401,101831,120,0.35,7,7,7,487,Poor
100675,30,180937,895623,120,0.59,8,7,7,368,Poor
100676,50,61850,823952,36,0.34,1,0,22,803,Excellent
100677,25,69220,958380,180,0.75,6,1,1,392,Poor
100678,53,108808,476488,12,0.11,4,3,15,681,Good
100679,21,152469,682405,120,0.64,2,6,8,598,Fair
100680,38,181597,326815,60,0.78,8,3,12,471,Poor
100681,52,68072,1387768,48,0.66,5,3,22,551,Fair
100682,31,98820,1043778,180,0.5,0,0,11,724,Good
100683,41,38284,1910971,60,0.91,4,2,21,507,Poor
100684,46,98369,618242,12,0.32,6,5,24,624,Fair
100685,45,40122,1564101,36,0.07,3,5,16,602,Fair
100686,42,145349,283192,120,0.44,7,6,1,421,Poor
100687,47,85553,1456150,60,0.08,9,7,12,361,Poor
100688,33,109788,575005,180,0.91,4,4,0,448,Poor
100689,53,77812,1372396,24,0.24,8,6,18,439,Poor
100690,54,22999,1496226,48,0.76,8,2,10,326,Poor
100691,61,37436,1279458,180,0.75,8,5,4,300,Poor
100692,55,57963,1217272,60,0.25,0,4,0,600,Fair
100693,21,148168,1062140,48,0.61,1,6,19,693,Good
100694,41,171351,54994,120,0.09,2,4,12,772,Excellent
100695,26,123899,840666,24,0.49,3,3,7,582,Fair
100696,48,41201,119300,36,0.06,9,1,5,461,Poor
100697,37,165787,356093,180,0.88,8,3,16,484,Poor
100698,25,175381,611693,36,0.93,9,0,11,415,Poor
100699,51,161150,1395592,24,0.25,5,7,0,412,Poor
100700,25,20105,1402935,48,0.24,0,5,2,581,Fair
100701,58,132666,1646049,120,0.73,8,4,13,355,Poor
100702,23,109848,1797378,60,0.28,5,6,7,427,Poor
100703,43,17839,566479,24,0.86,3,7,10,512,Poor
100704,57,83920,1543551,12,0.57,3,1,13,572,Fair
100705,57,58619,1926161,48,0.37,2,6,7,495,Poor
100706,30,57821,389679,36,0.8,6,5,2,396,Poor
100707,30,140736,1756517,180,0.49,2,4,6,531,Poor
100708,39,159565,1150293,24,0.87,1,4,18,670,Good
100709,37,32069,1101339,36,0.89,9,3,3,300,Poor
100710,41,22531,405054,48,0.2,7,1,24,637,Fair
100711,34,183123,1154056,36,0.05,3,1,15,712,Good
100712,29,153808,1792695,24,0.94,7,5,12,341,Poor
100713,21,153782,1305715,48,0.87,0,4,19,699,Good
100714,33,82155,1216670,12,0.1,4,7,18,599,Fair
100715,24,160047,730667,24,0.8,8,1,4,386,Poor
100716,21,77424,801731,60,0.46,0,1,22,820,Excellent
100717,60,60603,1633928,240,0.28,3,6,4,471,Poor
100718,52,169324,1175424,120,0.84,5,5,19,533,Poor
100719,54,147503,1660412,24,0.23,9,3,23,473,Poor
100720,48,183553,1266593,48,0.9,7,6,3,315,Poor
100721,51,107573,842908,180,0.24,2,6,1,564,Fair
100722,28,155629,494972,120,0.6,4,2,12,621,Fair
100723,59,118302,1975109,24,0.25,6,0,15,507,Poor
100724,46,146234,1625246,12,0.54,0,2,21,747,Good
100725,54,180814,492899,180,0.67,6,1,1,472,Poor
100726,23,34675,531215,12,0.22,7,4,18,551,Fair
100727,32,88997,750636,60,0.52,7,0,16,537,Poor
100728,21,163087,1583673,180,0.47,8,0,4,368,Poor
100729,64,196129,1602092,36,0.11,5,4,24,644,Fair
100730,25,178663,470162,240,0.79,5,0,17,632,Fair
100731,50,155905,1702562,180,0.35,1,4,22,720,Good
100732,50,22896,820050,120,0.57,2,0,20,713,Good
100733,37,179044,1866245,180,0.51,3,6,17,564,Fair
100734,43,64733,1041437,48,0.51,3,7,7,506,Poor
100735,35,56800,95095,240,0.15,7,5,14,558,Fair
100736,57,111044,1571722,48,0.43,0,5,12,652,Good
100737,41,20347,442118,36,0.46,9,2,12,427,Poor
100738,34,148715,1912205,180,0.71,3,6,15,511,Poor
100739,22,55785,1644874,12,0.81,3,0,21,601,Fair
100740,31,33681,1515915,12,0.54,0,3,19,696,Good
100741,59,196098,400067,24,0.13,2,4,12,747,Good
100742,58,118864,1756826,60,0.26,4,6,19,566,Fair
100743,54,161964,1491246,120,0.2,5,0,1,488,Poor
100744,58,62299,1207738,240,0.16,8,5,2,339,Poor
100745,54,32073,433071,60,0.38,8,5,14,461,Poor
100746,38,117304,320170,180,0.26,8,4,22,584,Fair
100747,50,45682,1425645,60,0.25,0,3,18,734,Good
100748,35,139302,1691706,24,0.1,8,0,12,460,Poor
100749,47,160361,1394385,60,0.07,7,0,4,465,Poor
100750,54,130359,321421,240,0.14,1,3,21,850,Excellent
100751,58,153999,223311,36,0.2,0,3,5,764,Excellent
100752,53,194402,490880,24,0.44,0,3,13,790,Excellent
100753,44,81707,884440,36,0.51,5,5,3,442,Poor
100754,35,80428,1899691,180,0.18,8,4,21,449,Poor
100755,50,65601,706030,24,0.43,6,6,18,536,Poor
100756,62,148611,1318859,180,0.36,4,7,22,612,Fair
100757,37,126487,723249,180,0.22,1,3,6,687,Good
100758,25,168741,1547404,60,0.06,0,4,3,654,Good
100759,49,166716,749895,36,0.47,1,2,1,637,Fair
100760,24,164817,390686,180,0.67,0,0,6,736,Good
100761,30,43228,1415039,36,0.25,2,0,2,566,Fair
100762,37,180593,295144,36,0.17,5,7,14,627,Fair
100763,30,137788,1977075,24,0.85,7,7,0,300,Poor
100764,37,112239,1775575,48,0.3,2,1,1,534,Poor
100765,40,41928,1294360,60,0.25,9,2,9,366,Poor
100766,44,33322,984137,180,0.82,8,6,15,363,Poor
100767,25,102896,826505,36,0.79,9,7,24,427,Poor
100768,54,77292,1002164,120,0.45,4,3,14,581,Fair
100769,26,44055,381119,48,0.49,6,3,23,618,Fair
100770,22,57891,1261820,180,0.25,7,6,14,443,Poor
100771,33,96912,502413,120,0.12,2,5,13,708,Good
100772,63,152660,1199734,60,0.57,1,2,21,744,Good
100773,63,105536,1026351,60,0.14,1,3,13,722,Good
100774,31,21304,1896585,36,0.45,4,7,5,381,Poor
100775,43,22345,913731,36,0.9,0,1,13,670,Good
100776,36,175372,856608,240,0.91,1,4,16,678,Good
100777,51,170331,1162548,240,0.27,8,0,17,532,Poor
100778,31,106006,956450,180,0.61,6,2,19,554,Fair
100779,36,161424,1581583,24,0.48,5,0,18,583,Fair
100780,28,144350,1532795,48,0.84,8,4,16,378,Poor
100781,24,179437,332140,180,0.29,6,2,15,632,Fair
100782,60,34446,1723786,48,0.05,4,7,7,462,Poor
100783,24,17336,1971606,36,0.2,8,4,6,301,Poor
100784,45,77032,1658795,60,0.36,5,3,19,544,Poor
100785,23,112852,698456,36,0.33,5,6,11,541,Poor
100786,52,153593,1265358,60,0.76,3,3,8,533,Poor
100787,23,169553,1221675,240,0.66,0,7,13,658,Good
100788,47,33474,608981,180,0.32,4,6,19,625,Fair
100789,49,192832,158944,240,0.46,8,3,0,430,Poor
100790,52,70718,1847519,60,0.14,7,4,9,394,Poor
100791,39,59629,1830438,36,0.86,7,4,16,361,Poor
100792,41,60232,1902382,240,0.89,4,4,16,457,Poor
100793,25,101544,297572,12,0.93,8,0,16,493,Poor
100794,38,65669,1442191,48,0.83,2,7,3,439,Poor
100795,48,84184,1668777,120,0.21,2,4,16,635,Fair
100796,62,194017,247097,60,0.09,0,3,17,884,Excellent
100797,42,28140,880948,60,0.57,8,1,19,482,Poor
100798,41,141468,662084,12,0.87,5,7,22,566,Fair
100799,26,98457,338213,180,0.21,1,4,1,660,Good
100800,21,29357,1023737,180,0.06,7,1,7,471,Poor
100801,25,126672,1183387,180,0.77,8,6,12,357,Poor
100802,61,83673,1288697,120,0.12,8,3,22,524,Poor
100803,32,136673,1855756,24,0.42,1,4,24,709,Good
100804,46,80633,430172,12,0.66,1,0,21,794,Excellent
100805,54,111111,1662042,120,0.26,6,0,19,561,Fair
100806,34,93258,1917829,240,0.13,3,6,21,612,Fair
100807,46,158996,504151,12,0.74,0,1,14,771,Excellent
100808,47,84286,591287,60,0.62,7,5,19,511,Poor
100809,29,108269,1554314,48,0.94,1,0,22,686,Good
100810,46,89071,1399432,12,0.36,2,7,8,546,Poor
100811,42,45651,1294199,24,0.11,4,0,2,523,Poor
100812,50,85202,745532,36,0.71,2,0,2,577,Fair
100813,63,63777,345866,240,0.52,6,3,1,447,Poor
100814,37,163066,847057,120,0.24,6,0,0,492,Poor
100815,46,82263,248237,240,0.75,1,2,13,714,Good
100816,56,115158,581147,240,0.23,6,4,16,588,Fair
100817,21,25800,1009113,12,0.28,5,6,12,504,Poor
100818,28,52823,1010811,12,0.13,9,0,18,498,Poor
100819,55,78878,685274,24,0.41,8,5,22,516,Poor
100820,35,33708,1855518,48,0.43,8,7,14,322,Poor
100821,42,158891,1382559,12,0.51,1,5,24,733,Good
100822,34,78870,1387936,12,0.69,6,0,13,474,Poor
100823,46,24283,889385,48,0.87,4,0,1,450,Poor
100824,48,176645,1576273,24,0.17,5,2,6,509,Poor
100825,43,93707,1552385,120,0.1,0,0,16,770,Excellent
100826,34,177005,99522,240,0.07,6,0,17,713,Good
100827,44,20774,280233,120,0.18,5,4,5,537,Poor
100828,22,157055,448102,12,0.64,3,5,20,689,Good
100829,46,111468,1471969,48,0.7,0,2,7,618,Fair
100830,34,111334,57485,12,0.76,8,5,1,366,Poor
100831,27,33133,1523247,180,0.27,3,2,0,481,Poor
100832,23,161011,1865920,36,0.33,1,5,15,644,Fair
100833,43,15781,162701,120,0.48,7,0,6,487,Poor
100834,63,129586,257352,180,0.11,1,5,21,838,Excellent
100835,38,42624,1725502,60,0.6,4,5,23,547,Poor
100836,58,21823,234514,36,0.94,5,2,10,510,Poor
100837,55,33489,495093,12,0.37,7,6,14,483,Poor
100838,35,186033,848658,24,0.73,0,1,12,736,Good
100839,45,44118,667693,120,0.5,0,2,23,814,Excellent
100840,57,115417,1907596,60,0.17,3,2,1,495,Poor
100841,48,96816,1308624,36,0.57,4,2,13,550,Fair
100842,30,168335,1785645,120,0.32,8,3,23,493,Poor
100843,59,28565,1055535,48,0.08,6,6,5,435,Poor
100844,37,166426,87019,24,0.62,6,3,8,543,Poor
100845,59,189023,1012452,36,0.82,7,3,6,400,Poor
100846,42,106179,1360073,48,0.36,4,2,17,606,Fair
100847,46,38648,639421,180,0.4,4,1,23,696,Good
100848,64,196801,1999452,12,0.85,0,2,8,591,Fair
100849,45,56971,1820394,48,0.78,8,0,22,424,Poor
100850,37,33658,429747,36,0.69,5,1,3,482,Poor
100851,33,36253,208598,240,0.27,8,3,8,466,Poor
100852,40,194635,702873,36,0.87,2,7,3,532,Poor
100853,45,172462,1543990,240,0.19,4,5,11,553,Fair
100854,24,103664,1868036,180,0.61,1,5,3,497,Poor
100855,30,197650,1591326,12,0.08,9,6,24,489,Poor
100856,23,118850,879827,240,0.63,4,7,23,614,Fair
100857,61,178730,467247,240,0.3,7,4,19,597,Fair
100858,38,152924,518758,48,0.45,1,6,13,709,Good
100859,56,148623,1748678,48,0.36,7,1,23,540,Poor
100860,42,86947,1005205,12,0.21,3,3,23,719,Good
100861,54,76001,424743,48,0.61,9,1,6,389,Poor
100862,28,195231,75939,120,0.84,9,1,12,473,Poor
100863,60,137775,1016649,12,0.91,0,5,21,719,Good
100864,64,197779,987828,24,0.22,4,2,7,600,Fair
100865,39,48243,1252515,240,0.7,0,0,22,756,Excellent
100866,62,167872,836635,36,0.65,6,4,4,437,Poor
100867,61,90939,984048,24,0.36,7,3,11,468,Poor
100868,57,72828,983403,240,0.07,2,1,12,701,Good
100869,26,153311,1914071,120,0.67,2,4,19,604,Fair
100870,46,21710,1713744,240,0.9,6,1,13,395,Poor
100871,54,167456,578036,240,0.62,3,7,17,641,Fair
100872,26,167110,1334670,240,0.44,2,5,23,705,Good
100873,57,186918,1477989,180,0.52,7,0,24,572,Fair
100874,53,52991,917196,120,0.23,2,5,19,697,Good
100875,42,153043,1250532,60,0.73,6,4,3,382,Poor
100876,41,175211,1254831,60,0.72,1,3,20,711,Good
100877,26,100445,1049074,60,0.18,0,1,17,801,Excellent
100878,26,95257,514462,12,0.84,5,0,6,510,Poor
100879,24,52711,944468,48,0.29,7,7,14,452,Poor
100880,50,21530,724619,120,0.93,0,5,20,697,Good
100881,31,26116,1789895,24,0.39,9,7,5,300,Poor
100882,50,80794,952957,180,0.21,8,4,15,473,Poor
100883,51,146354,1525249,24,0.37,2,5,19,659,Good
100884,44,147970,397823,24,0.45,2,1,23,813,Excellent
100885,29,19135,1224405,24,0.11,3,1,7,586,Fair
100886,23,152701,1226792,180,0.57,0,7,20,719,Good
100887,51,124472,1688765,60,0.59,8,3,15,391,Poor
100888,60,140147,1866250,24,0.72,2,0,21,654,Good
100889,57,104087,225607,180,0.08,9,2,15,539,Poor
100890,56,48380,459319,180,0.54,3,5,2,524,Poor
100891,44,144951,1720910,48,0.1,0,1,16,762,Excellent
100892,51,32071,402156,180,0.68,3,4,8,565,Fair
100893,26,35074,1701142,60,0.1,0,5,24,754,Excellent
100894,22,82843,324535,24,0.87,4,3,2,490,Poor
100895,40,54901,1201052,180,0.68,4,3,19,571,Fair
100896,48,26205,996405,12,0.51,6,1,6,445,Poor
100897,31,139661,432865,180,0.45,7,1,17,584,Fair
100898,24,20906,671825,36,0.17,3,7,11,595,Fair
100899,35,148663,1966167,36,0.31,6,1,18,524,Poor
100900,26,140576,967472,36,0.83,3,7,15,560,Fair
100901,50,77987,231429,180,0.86,2,6,21,690,Good
100902,58,95685,1316556,60,0.05,5,2,23,656,Good
100903,22,125454,1602127,24,0.58,3,1,16,603,Fair
100904,35,120487,871935,120,0.7,2,5,19,664,Good
100905,31,69400,1585251,120,0.61,8,5,14,353,Poor
100906,28,171222,1173979,120,0.12,4,7,0,483,Poor
100907,46,46852,638574,60,0.25,6,6,1,421,Poor
100908,64,188942,386986,48,0.28,5,6,7,563,Fair
100909,25,67756,154927,240,0.8,9,0,21,515,Poor
100910,26,130357,1899916,12,0.47,4,4,24,593,Fair
100911,46,134052,535833,12,0.49,6,1,1,477,Poor
100912,24,71481,1542418,36,0.89,5,7,18,440,Poor
100913,39,16283,349372,36,0.62,9,5,8,352,Poor
100914,40,48691,73386,180,0.86,1,6,8,625,Fair
100915,53,147197,1276402,120,0.46,2,5,12,613,Fair
100916,40,41170,1602734,180,0.18,1,5,5,568,Fair
100917,32,23438,1389022,240,0.89,2,6,14,521,Poor
100918,21,35095,1421535,120,0.46,0,2,18,716,Good
100919,46,162226,302156,36,0.21,7,6,20,604,Fair
100920,34,154076,1052252,24,0.32,5,6,14,551,Fair
100921,58,24752,899776,48,0.1,1,4,17,734,Good
100922,57,70426,1003122,180,0.47,7,7,6,367,Poor
100923,31,41819,1996611,48,0.82,5,7,10,339,Poor
100924,56,107051,519450,48,0.89,6,6,7,420,Poor
100925,33,170289,373258,48,0.89,0,3,5,674,Good
100926,63,47994,298724,36,0.16,6,7,7,497,Poor
100927,23,161108,251202,12,0.39,2,7,1,599,Fair
100928,53,112756,1124101,36,0.08,7,7,18,513,Poor
100929,26,195488,1178394,48,0.82,5,6,15,501,Poor
100930,30,155659,164589,36,0.37,3,5,6,632,Fair
100931,25,110665,1243982,48,0.62,7,1,9,426,Poor
100932,43,146717,669003,60,0.69,8,5,11,416,Poor
100933,30,177002,243839,120,0.44,9,4,16,504,Poor
100934,64,96835,843076,12,0.33,1,3,6,655,Good
100935,22,137232,413298,60,0.92,5,6,21,581,Fair
100936,33,176162,556453,24,0.92,4,2,7,544,Poor
100937,60,198214,1000437,36,0.31,4,0,6,600,Fair
100938,22,172547,307438,24,0.48,9,6,3,369,Poor
100939,40,164960,879901,180,0.93,2,1,2,553,Fair
100940,21,58732,476903,36,0.05,7,0,18,622,Fair
100941,57,61305,943041,240,0.42,7,2,14,490,Poor
100942,29,192109,495872,240,0.14,4,4,3,595,Fair
100943,37,24346,460591,120,0.51,7,4,24,566,Fair
100944,29,15587,1605811,60,0.07,9,2,8,347,Poor
100945,31,27763,1612527,120,0.42,7,5,12,380,Poor
100946,35,84615,1425926,180,0.25,2,2,17,677,Good
100947,44,182188,932894,48,0.53,1,7,20,721,Good
100948,58,135987,1790543,120,0.95,8,7,15,304,Poor
100949,55,106353,1706042,120,0.77,1,6,0,458,Poor
100950,50,110648,1798322,240,0.81,8,1,3,300,Poor
100951,51,40556,1877330,48,0.62,3,7,17,499,Poor
100952,25,74042,489503,240,0.09,1,3,7,713,Good
100953,64,33099,1185300,36,0.24,9,6,19,413,Poor
100954,34,124089,803492,48,0.88,0,6,15,677,Good
100955,31,191168,146393,60,0.38,3,6,20,745,Good
100956,29,159302,1699176,120,0.14,8,0,10,445,Poor
100957,54,175081,1960332,240,0.68,8,0,19,436,Poor
100958,32,48866,645484,48,0.32,3,4,20,690,Good
100959,55,120400,1692878,180,0.29,8,6,20,436,Poor
100960,55,99246,451426,180,0.95,5,5,20,565,Fair
100961,21,91975,1764858,120,0.82,0,7,18,612,Fair
100962,60,187927,1528081,60,0.42,9,4,22,455,Poor
100963,42,96557,1620889,24,0.93,5,1,18,497,Poor
100964,49,152488,1131916,240,0.64,8,2,17,464,Poor
100965,28,87516,351994,60,0.72,1,0,18,771,Excellent
100966,31,164130,1024488,12,0.08,5,6,10,553,Fair
100967,61,186790,1595491,12,0.16,1,1,2,630,Fair
100968,57,47602,687999,12,0.62,3,4,7,546,Poor
100969,34,173588,789538,120,0.86,7,4,19,503,Poor
100970,50,144295,1109670,180,0.61,6,0,18,565,Fair
100971,55,102969,1972967,36,0.17,8,4,9,355,Poor
100972,41,147161,1000922,240,0.15,6,5,15,556,Fair
100973,57,183418,1890749,180,0.81,0,4,4,549,Poor
100974,25,156559,1734449,36,0.18,1,3,19,724,Good
100975,39,15155,515590,36,0.52,5,7,8,470,Poor
100976,34,138950,1609067,180,0.08,6,2,7,479,Poor
100977,46,82494,1483284,240,0.12,2,4,10,612,Fair
100978,24,91229,1167374,120,0.66,8,7,15,375,Poor
100979,45,119648,952458,60,0.67,6,7,6,397,Poor
100980,62,53547,251604,36,0.36,5,3,14,610,Fair
100981,45,43795,160130,24,0.24,5,1,23,721,Good
100982,38,36447,858596,180,0.78,0,4,20,719,Good
100983,60,182670,740955,180,0.25,4,5,19,678,Good
100984,28,187886,80257,12,0.54,9,1,22,586,Fair
100985,59,102960,457427,60,0.92,2,7,16,622,Fair
100986,60,78278,932421,12,0.18,6,7,5,437,Poor
100987,34,70077,972736,180,0.9,9,6,14,322,Poor
100988,52,127782,1035257,180,0.21,2,4,7,626,Fair
100989,58,117932,1151267,36,0.56,4,0,6,534,Poor
100990,53,155600,1702632,60,0.39,6,3,1,382,Poor
100991,43,196172,468829,48,0.92,2,3,12,657,Good
100992,35,124869,588314,24,0.3,9,0,22,565,Fair
100993,53,154251,799450,240,0.41,1,2,5,668,Good
100994,45,63781,1391628,36,0.93,5,7,4,333,Poor
100995,37,170024,593898,180,0.53,7,6,19,537,Poor
100996,53,68798,1276294,240,0.5,3,5,0,454,Poor
100997,22,113696,1596933,36,0.28,8,3,17,449,Poor
100998,34,65939,375329,24,0.68,7,1,14,515,Poor
100999,60,44516,908999,180,0.06,6,7,22,579,Fair
101000,60,156521,1277222,24,0.09,6,5,9,496,Poor
101001,59,65290,1091482,240,0.59,2,3,2,527,Poor
101002,26,141688,1616996,48,0.36,5,6,4,417,Poor
101003,26,101661,1320699,36,0.91,4,2,23,590,Fair
101004,23,87954,1593812,120,0.86,0,6,12,582,Fair
101005,27,37746,872614,36,0.69,2,1,7,585,Fair
101006,28,82990,968074,12,0.79,0,6,21,711,Good
101007,62,73810,1589582,60,0.65,3,5,20,572,Fair
101008,35,133362,593576,60,0.16,9,7,1,346,Poor
101009,49,161295,915256,12,0.74,2,1,8,620,Fair
101010,53,148669,1707289,180,0.24,3,7,16,582,Fair
101011,50,17659,50917,60,0.34,8,0,17,566,Fair
101012,59,101516,1960610,24,0.79,2,4,12,515,Poor
101013,47,89567,1062544,240,0.53,5,0,0,453,Poor
101014,56,30037,901007,240,0.82,5,5,11,452,Poor
101015,49,141498,908950,60,0.24,6,4,19,593,Fair
101016,58,192810,827475,60,0.6,8,0,19,542,Poor
101017,53,27109,1137680,12,0.13,6,4,20,562,Fair
101018,57,37010,723422,180,0.63,0,3,4,630,Fair
101019,47,23787,329143,48,0.74,7,6,7,393,Poor
101020,53,154544,312091,60,0.58,4,1,14,664,Good
101021,24,169455,1553637,120,0.29,8,4,2,338,Poor
101022,42,76709,453157,60,0.08,9,3,5,422,Poor
101023,22,49518,635457,48,0.16,4,6,12,591,Fair
101024,30,68909,1253118,12,0.61,4,6,11,485,Poor
101025,25,33351,1228320,48,0.89,1,2,18,644,Fair
101026,30,199402,1995692,12,0.24,2,7,17,617,Fair
101027,53,30282,109821,24,0.71,9,0,23,534,Poor
101028,58,167850,1316317,12,0.83,8,2,0,300,Poor
101029,33,170336,299265,24,0.52,6,7,24,627,Fair
101030,51,20075,487651,24,0.65,0,7,6,617,Fair
101031,56,194526,1496321,12,0.78,2,5,11,563,Fair
101032,44,43365,1312703,120,0.28,1,3,9,631,Fair
101033,35,194272,324336,36,0.32,0,2,11,812,Excellent
101034,49,26002,1434822,12,0.05,8,2,10,417,Poor
101035,28,28947,253834,60,0.92,7,7,3,337,Poor
101036,25,109840,1857402,120,0.88,4,6,18,473,Poor
101037,49,131219,1999902,120,0.74,1,3,5,516,Poor
101038,24,93610,1185371,60,0.12,0,6,24,801,Excellent
101039,32,67142,1263735,36,0.45,6,1,8,459,Poor
101040,22,71307,378821,120,0.14,1,4,19,801,Excellent
101041,47,150565,709987,24,0.06,0,5,9,753,Excellent
101042,51,65085,293877,240,0.6,1,5,4,621,Fair
101043,56,49228,1297874,36,0.91,6,0,12,438,Poor
101044,56,197947,1597419,180,0.86,6,6,8,372,Poor
101045,46,177727,970759,60,0.68,9,4,1,300,Poor
101046,63,58472,1811369,36,0.14,5,7,17,497,Poor
101047,47,64437,186285,12,0.3,4,0,20,738,Good
101048,25,195488,1200988,240,0.34,2,5,0,552,Fair
101049,40,74711,1642268,36,0.74,2,4,23,626,Fair
101050,31,152888,166545,24,0.77,8,2,20,550,Fair
101051,30,92175,1517172,240,0.4,3,1,11,581,Fair
101052,60,79307,1320704,12,0.43,8,7,9,339,Poor
101053,58,61733,724533,48,0.09,3,2,1,583,Fair
101054,26,143202,1806963,60,0.31,1,1,8,630,Fair
101055,28,110028,1908997,240,0.46,3,7,1,408,Poor
101056,43,157312,835945,60,0.16,5,6,22,652,Good
101057,46,107493,1468826,36,0.46,5,3,23,589,Fair
101058,63,140149,336663,120,0.82,4,0,21,695,Good
101059,32,178834,831163,12,0.57,0,0,13,773,Excellent
101060,46,23259,1907447,48,0.12,2,3,10,570,Fair
101061,33,196211,1479290,12,0.22,4,4,22,660,Good
101062,60,143775,1044453,60,0.48,5,3,10,527,Poor
101063,38,29849,64995,12,0.38,0,6,16,776,Excellent
101064,45,96768,73559,48,0.37,8,5,3,423,Poor
101065,53,121108,571244,120,0.53,2,3,12,673,Good
101066,60,104709,1449769,36,0.58,9,1,6,319,Poor
101067,63,69869,448237,24,0.77,2,5,15,643,Fair
101068,32,141888,672288,12,0.36,1,3,0,631,Fair
101069,64,78095,1775055,240,0.77,7,0,12,390,Poor
101070,56,132886,494755,24,0.35,2,2,0,618,Fair
101071,24,85910,538051,60,0.1,5,1,10,616,Fair
101072,25,38567,875782,36,0.55,1,6,5,571,Fair
101073,57,50292,489439,180,0.58,6,1,19,588,Fair
101074,28,89813,1124093,36,0.89,3,7,2,421,Poor
101075,62,112136,1570445,12,0.7,8,4,11,342,Poor
101076,48,66631,465466,240,0.88,9,2,4,324,Poor
101077,51,24885,1314134,120,0.87,8,1,8,322,Poor
101078,29,81314,526111,36,0.59,6,7,11,470,Poor
101079,49,80087,925564,12,0.52,7,3,9,435,Poor
101080,34,175237,534282,12,0.55,2,1,18,758,Excellent
101081,60,110998,1558590,24,0.93,4,1,4,429,Poor
101082,61,64812,1545991,36,0.75,1,1,4,543,Poor
101083,42,196572,1615615,12,0.15,9,4,8,371,Poor
101084,31,73643,1944554,24,0.75,6,1,19,459,Poor
101085,43,59900,571396,240,0.2,7,1,16,571,Fair
101086,21,189018,1204262,48,0.45,8,4,9,408,Poor
101087,57,153923,1711015,240,0.24,6,7,20,510,Poor
101088,41,31288,1364047,180,0.67,9,5,0,300,Poor
101089,46,87692,1743182,24,0.84,9,2,21,369,Poor
101090,56,153440,997272,24,0.31,7,7,15,484,Poor
101091,43,100436,769778,12,0.12,8,6,14,476,Poor
101092,21,61403,1586178,60,0.32,5,5,22,554,Fair
101093,60,106170,1084451,60,0.66,9,0,16,429,Poor
101094,35,24168,1796724,120,0.35,1,4,19,649,Fair
101095,41,64879,1738809,60,0.3,1,4,24,711,Good
101096,29,74871,1312032,24,0.22,3,1,12,622,Fair
101097,29,47174,358974,120,0.5,8,1,0,385,Poor
101098,30,152653,102446,240,0.3,6,6,24,674,Good
101099,46,125155,1072582,12,0.71,1,0,7,638,Fair
101100,61,86853,1506952,240,0.12,7,1,4,418,Poor
101101,55,79046,761943,36,0.65,6,3,5,435,Poor
101102,45,64678,1525790,180,0.26,8,1,22,502,Poor
101103,46,41649,994734,180,0.49,7,1,19,521,Poor
101104,31,142795,190148,24,0.31,2,3,13,744,Good
101105,58,103668,1692205,24,0.7,0,0,21,730,Good
101106,22,160639,81085,120,0.9,1,3,22,795,Excellent
101107,27,104906,1416291,12,0.88,1,4,10,568,Fair
101108,38,111019,1506507,48,0.58,3,3,5,498,Poor
101109,47,93002,574006,24,0.47,5,2,10,561,Fair
101110,54,43803,1489028,48,0.79,3,4,12,500,Poor
101111,47,164302,1104326,240,0.66,8,1,11,430,Poor
101112,37,163934,1998939,48,0.22,3,6,21,616,Fair
101113,63,189427,390912,60,0.79,5,4,1,474,Poor
101114,64,177331,1610336,12,0.44,5,0,20,607,Fair
101115,44,45795,85903,180,0.22,9,0,2,431,Poor
101116,45,23770,1302137,180,0.3,9,3,22,448,Poor
101117,27,26093,1713900,48,0.29,0,4,3,570,Fair
101118,26,192643,662242,180,0.52,7,1,16,565,Fair
101119,44,146265,562493,240,0.26,2,0,21,816,Excellent
101120,53,115311,1526106,12,0.16,5,5,5,458,Poor
101121,49,32569,1540017,60,0.16,2,1,6,585,Fair
101122,63,26190,1055489,12,0.57,1,5,14,632,Fair
101123,42,77824,919446,24,0.71,4,2,10,535,Poor
101124,46,188824,1526971,48,0.34,0,5,23,778,Excellent
101125,48,178399,691593,12,0.08,8,7,2,405,Poor
101126,41,57070,1604209,240,0.16,6,0,5,450,Poor
101127,27,55197,1517130,180,0.87,2,3,1,449,Poor
101128,37,17261,1584227,36,0.49,3,2,13,549,Poor
101129,40,172584,250753,12,0.46,5,4,8,576,Fair
101130,61,152788,82101,48,0.08,2,1,17,836,Excellent
101131,40,101795,52775,60,0.71,6,0,18,625,Fair
101132,42,43933,1734361,180,0.53,5,2,11,454,Poor
101133,48,150450,540399,60,0.23,8,2,12,520,Poor
101134,60,55583,95619,48,0.15,4,7,11,619,Fair
101135,27,127082,1350964,180,0.4,3,0,11,615,Fair
101136,21,100371,462755,24,0.8,2,4,17,673,Good
101137,52,175105,1856210,180,0.83,9,4,8,300,Poor
101138,33,170072,1942132,24,0.59,0,3,16,673,Good
101139,50,126032,115149,60,0.7,2,6,20,725,Good
101140,43,57604,76616,60,0.15,2,5,15,743,Good
101141,39,110074,796055,48,0.58,6,4,16,528,Poor
101142,52,88869,1284215,24,0.65,6,7,20,476,Poor
101143,50,20410,1791035,60,0.23,0,3,23,739,Good
101144,49,98375,256903,24,0.84,2,5,7,594,Fair
101145,49,111055,1329894,60,0.23,7,2,10,464,Poor
101146,50,152868,1946807,180,0.33,8,0,23,505,Poor
101147,36,101716,1088218,12,0.61,6,4,1,378,Poor
101148,60,69245,402365,240,0.62,6,3,7,480,Poor
101149,39,58056,951311,36,0.68,7,2,11,433,Poor
101150,38,163781,337623,240,0.15,5,4,20,699,Good
101151,21,73557,411309,180,0.81,2,1,0,562,Fair
101152,34,32543,105863,120,0.53,0,6,22,804,Excellent
101153,22,183490,1271691,240,0.47,6,2,12,513,Poor
101154,48,111038,1967577,12,0.93,0,7,21,612,Fair
101155,50,162796,545654,120,0.72,0,7,20,759,Excellent
101156,58,18828,1601899,60,0.16,8,4,16,416,Poor
101157,24,131656,1507200,36,0.73,9,7,13,300,Poor
101158,21,32087,827635,36,0.14,6,2,13,551,Fair
101159,28,158677,763340,60,0.07,3,0,15,743,Good
101160,49,46337,1050460,60,0.41,5,0,16,584,Fair
101161,59,151554,328495,24,0.94,0,6,5,636,Fair
101162,23,80333,1233779,60,0.21,6,0,6,488,Poor
101163,52,197024,297908,48,0.66,5,5,0,481,Poor
101164,30,151535,881257,240,0.21,3,1,24,777,Excellent
101165,30,85448,1896357,60,0.7,6,0,14,442,Poor
101166,39,19648,1290579,48,0.5,2,7,19,605,Fair
101167,54,145576,1929262,60,0.66,0,1,20,710,Good
101168,53,48623,1923233,24,0.23,3,0,17,614,Fair
101169,43,50634,1596175,48,0.72,2,5,12,527,Poor
101170,48,190674,1373173,240,0.95,0,7,23,697,Good
101171,52,129598,1772750,12,0.65,1,2,1,522,Poor
101172,27,64334,1772199,48,0.49,4,4,18,533,Poor
101173,49,83648,651982,180,0.88,7,4,14,444,Poor
101174,28,37054,1638599,24,0.06,0,0,11,711,Good
101175,21,85028,983334,120,0.71,3,4,14,579,Fair
101176,23,37207,1932901,240,0.85,3,0,24,592,Fair
101177,44,96554,750033,48,0.11,4,0,17,702,Good
101178,43,167458,963438,180,0.46,6,7,13,492,Poor
101179,28,98276,794822,180,0.23,7,6,5,423,Poor
101180,57,67781,619354,240,0.56,5,3,11,537,Poor
101181,23,198852,1854251,240,0.63,0,3,19,708,Good
101182,53,190271,184445,180,0.32,6,6,22,660,Good
101183,48,76035,453551,60,0.46,2,3,5,621,Fair
101184,28,23210,991245,180,0.3,5,1,8,521,Poor
101185,54,59363,1895700,60,0.38,7,3,24,488,Poor
101186,55,93279,619829,120,0.19,6,0,3,520,Poor
101187,52,168504,1263705,24,0.85,9,5,16,360,Poor
101188,44,149393,641271,36,0.06,5,5,1,519,Poor
101189,34,96348,1773519,60,0.84,8,2,15,356,Poor
101190,52,183455,203837,180,0.56,8,7,23,556,Fair
101191,63,128816,764647,180,0.35,0,3,13,759,Excellent
101192,36,138053,957179,12,0.7,0,5,7,637,Fair
101193,24,198965,921535,180,0.51,0,3,13,749,Good
101194,57,181892,1833611,24,0.5,7,7,1,300,Poor
101195,41,81262,227597,48,0.15,9,2,15,523,Poor
101196,34,149832,1792166,48,0.4,6,5,3,368,Poor
101197,51,168262,1085408,180,0.27,2,0,0,611,Fair
101198,38,82411,1511312,12,0.06,1,1,22,778,Excellent
101199,27,38377,528454,60,0.37,3,6,19,662,Good
101200,30,192809,1543726,24,0.13,2,6,13,643,Fair
101201,27,53211,1386286,12,0.28,6,6,7,407,Poor
101202,53,18744,909625,60,0.13,9,3,24,514,Poor
101203,43,39995,546440,24,0.14,7,5,24,598,Fair
101204,41,163049,1521926,180,0.23,5,7,2,421,Poor
101205,39,49542,1502137,48,0.95,2,7,4,423,Poor
101206,39,25651,826372,24,0.05,5,5,5,501,Poor
101207,56,114239,695303,180,0.62,1,2,21,767,Excellent
101208,49,93931,222257,120,0.18,6,0,7,585,Fair
101209,38,117112,1869400,36,0.88,9,4,5,300,Poor
101210,22,31715,1322597,24,0.13,6,5,5,418,Poor
101211,21,190481,1753820,36,0.91,3,1,3,467,Poor
101212,25,170378,1693608,24,0.6,7,2,6,377,Poor
101213,40,165158,345599,36,0.05,3,5,23,795,Excellent
101214,31,160448,1607009,120,0.85,6,5,18,452,Poor
101215,62,76350,995522,48,0.52,3,2,6,554,Fair
101216,22,86425,366363,240,0.29,4,2,2,568,Fair
101217,23,182708,882423,60,0.74,6,3,7,461,Poor
101218,43,101120,647904,36,0.88,9,5,0,300,Poor
101219,32,129889,1710302,120,0.49,2,4,0,483,Poor
101220,40,197721,166841,36,0.33,9,1,13,535,Poor
101221,25,180682,1763422,48,0.76,4,0,5,472,Poor
101222,57,156130,219934,36,0.66,2,0,9,702,Good
101223,58,89637,1875598,120,0.85,4,4,24,537,Poor
101224,50,85194,1681734,180,0.67,2,7,13,525,Poor
101225,29,91917,1185270,120,0.27,9,2,3,339,Poor
101226,54,79200,287068,240,0.89,6,2,5,454,Poor
101227,64,120848,880288,240,0.14,0,7,15,749,Good
101228,55,121022,151407,240,0.29,8,2,20,599,Fair
101229,42,192691,1592536,12,0.52,8,7,0,300,Poor
101230,64,163226,1654243,48,0.56,4,5,5,449,Poor
101231,44,165611,901161,180,0.06,8,7,8,434,Poor
101232,37,75058,1520170,12,0.75,9,2,14,338,Poor
101233,30,77068,1335076,48,0.38,5,2,11,514,Poor
101234,50,114932,628641,180,0.42,4,5,2,510,Poor
101235,43,176445,755356,36,0.78,2,7,10,589,Fair
101236,52,179226,1899039,180,0.39,7,5,14,422,Poor
101237,37,152103,1309720,120,0.09,3,4,2,551,Fair
101238,37,37785,1688846,12,0.21,9,3,13,360,Poor
101239,34,174741,86683,36,0.91,2,5,1,574,Fair
101240,29,109475,1212667,120,0.11,5,1,3,512,Poor
101241,60,17282,167797,48,0.37,7,2,18,576,Fair
101242,22,180696,1509410,180,0.5,8,3,11,401,Poor
101243,45,194510,1629451,120,0.49,5,0,1,452,Poor
101244,59,82534,374934,36,0.05,4,4,16,687,Good
101245,29,177777,1392200,12,0.5,1,7,2,543,Poor
101246,42,184316,1852466,12,0.4,1,3,9,616,Fair
101247,63,89964,1774463,240,0.92,8,5,15,315,Poor
101248,24,183509,335713,180,0.19,1,2,21,868,Excellent
101249,46,134006,847583,120,0.37,1,2,8,687,Good
101250,49,65583,514310,240,0.43,2,2,10,667,Good
101251,54,53392,1288822,36,0.4,2,3,20,675,Good
101252,43,22461,1667603,240,0.65,3,2,14,532,Poor
101253,57,115123,607242,24,0.24,6,5,2,463,Poor
101254,31,25516,1080488,48,0.25,8,7,15,411,Poor
101255,26,163586,818223,240,0.71,1,3,20,743,Good
101256,38,136251,159373,48,0.5,3,2,20,753,Excellent
101257,41,182340,608988,36,0.42,8,0,20,586,Fair
101258,62,182860,1060540,24,0.2,1,0,11,749,Good
101259,56,77493,1222304,12,0.22,9,1,22,500,Poor
101260,61,51027,903220,180,0.06,0,2,4,698,Good
101261,58,108547,1693909,60,0.13,9,2,6,344,Poor
101262,54,188921,1529634,60,0.55,7,3,8,407,Poor
101263,37,115127,1767836,180,0.85,8,3,20,391,Poor
101264,57,163930,964424,36,0.31,6,6,17,551,Fair
101265,45,94003,916491,24,0.34,7,7,20,509,Poor
101266,58,198467,1624745,24,0.15,3,2,7,593,Fair
101267,32,54758,969134,48,0.4,3,1,11,614,Fair
101268,43,69312,1905797,12,0.08,1,7,19,656,Good
101269,62,83670,1486803,120,0.88,7,2,1,300,Poor
101270,42,97279,138059,240,0.66,1,7,9,656,Good
101271,41,30434,1837430,24,0.94,8,5,18,313,Poor
101272,47,193847,882583,180,0.84,3,3,8,566,Fair
101273,51,90769,492136,120,0.48,0,2,24,852,Excellent
101274,26,81677,1732252,60,0.52,3,7,23,583,Fair
101275,47,98555,248303,120,0.22,2,3,7,689,Good
101276,60,143379,561162,12,0.47,5,2,23,681,Good
101277,54,191806,523573,180,0.86,6,4,23,596,Fair
101278,32,116665,1363982,12,0.1,7,3,23,573,Fair
101279,27,186675,379125,120,0.83,1,7,0,571,Fair
101280,30,83803,957383,240,0.36,5,1,5,510,Poor
101281,37,185404,959531,36,0.86,5,4,11,499,Poor
101282,46,106703,1180548,24,0.9,9,5,24,407,Poor
101283,41,36312,1436205,180,0.65,4,2,23,592,Fair
101284,48,190251,1153298,36,0.65,9,6,18,406,Poor
101285,22,132961,1974507,120,0.46,9,5,16,340,Poor
101286,63,55379,231890,24,0.8,6,3,1,420,Poor
101287,21,32297,997436,48,0.92,2,4,10,539,Poor
101288,56,17011,1367621,36,0.75,3,5,17,537,Poor
101289,46,135234,167473,36,0.61,9,1,22,555,Fair
101290,49,59014,1590815,120,0.6,8,6,21,396,Poor
101291,41,157810,320741,60,0.81,3,3,10,619,Fair
101292,31,109333,1490351,120,0.54,2,4,17,625,Fair
101293,60,193570,1621836,36,0.77,1,5,7,557,Fair
101294,31,26120,1948917,24,0.51,4,4,14,473,Poor
101295,56,154839,908823,240,0.11,3,4,8,630,Fair
101296,59,37852,789574,60,0.4,7,5,14,467,Poor
101297,60,94239,375437,120,0.45,6,0,6,532,Poor
101298,55,147001,1866760,240,0.18,5,2,19,580,Fair
101299,54,106575,206877,180,0.14,1,7,12,740,Good
101300,44,110040,1583471,120,0.53,2,3,12,589,Fair
101301,42,163510,1634738,36,0.13,9,3,0,308,Poor
101302,25,194587,1847001,240,0.32,8,6,19,434,Poor
101303,53,20744,922834,36,0.72,8,6,3,300,Poor
101304,56,188489,1899087,48,0.92,4,6,23,528,Poor
101305,40,153141,493066,240,0.7,2,3,3,596,Fair
101306,39,57359,384923,240,0.94,1,4,3,573,Fair
101307,55,165871,669696,120,0.68,7,6,12,456,Poor
101308,63,113746,1743470,36,0.31,5,5,1,390,Poor
101309,37,135906,170062,180,0.65,9,2,22,540,Poor
101310,63,22597,1110676,12,0.68,6,1,14,478,Poor
101311,54,62093,1417741,60,0.38,0,3,3,604,Fair
101312,29,183298,1082499,12,0.07,0,5,5,700,Good
101313,46,129650,1773736,60,0.68,9,2,2,300,Poor
101314,22,172489,1488846,180,0.07,1,2,6,667,Good
101315,29,164765,1293048,240,0.62,9,0,5,347,Poor
101316,29,135956,928878,240,0.2,2,7,2,568,Fair
101317,60,130598,1914445,120,0.56,0,5,3,543,Poor
101318,37,199233,284196,48,0.5,4,3,9,629,Fair
101319,21,148241,257609,36,0.06,2,6,20,797,Excellent
101320,45,168124,725302,36,0.38,0,4,8,721,Good
101321,63,23036,333006,36,0.59,7,6,5,394,Poor
101322,60,46778,323813,120,0.81,5,2,19,598,Fair
101323,62,173806,957651,60,0.85,8,2,10,404,Poor
101324,45,169245,759132,240,0.49,2,1,6,649,Fair
101325,59,176475,1900924,180,0.71,8,6,17,362,Poor
101326,55,152416,323022,36,0.33,8,7,3,404,Poor
101327,23,33800,839417,12,0.36,0,7,4,612,Fair
101328,57,40372,541121,36,0.23,2,0,3,645,Fair
101329,64,76516,1303296,240,0.56,5,7,3,380,Poor
101330,64,35538,1664099,120,0.33,7,2,12,419,Poor
101331,50,78918,331075,180,0.13,3,2,15,727,Good
101332,58,161045,1191452,48,0.67,4,7,24,605,Fair
101333,54,86155,574624,180,0.69,8,4,13,431,Poor
101334,32,74500,879365,12,0.37,5,4,10,523,Poor
101335,39,182647,1052403,36,0.12,6,7,1,434,Poor
101336,57,188333,1406256,36,0.43,6,1,21,590,Fair
101337,64,125659,643792,24,0.45,3,5,13,631,Fair
101338,37,42716,673502,60,0.65,3,1,23,700,Good
101339,30,149308,1280796,12,0.33,3,1,23,722,Good
101340,32,161920,163936,24,0.66,4,7,6,544,Poor
101341,36,17352,66279,180,0.83,4,4,10,550,Fair
101342,44,148004,1298313,48,0.26,7,6,3,378,Poor
101343,39,91449,1202327,60,0.93,8,6,6,300,Poor
101344,28,23556,1465153,12,0.4,1,7,15,607,Fair
101345,51,101836,1169962,36,0.29,6,6,5,422,Poor
101346,41,151570,136124,180,0.43,0,5,5,723,Good
101347,37,65098,1466470,12,0.13,0,4,1,605,Fair
101348,43,127169,1962493,36,0.16,3,7,23,621,Fair
101349,57,155641,386199,240,0.42,9,0,7,456,Poor
101350,36,141060,141911,60,0.74,6,3,6,500,Poor
101351,26,145544,935050,240,0.86,1,3,24,743,Good
101352,28,15340,1569065,240,0.65,1,7,23,630,Fair
101353,45,190021,772030,36,0.14,0,7,13,762,Excellent
101354,38,97302,1043978,48,0.65,9,0,8,367,Poor
101355,45,15138,497244,180,0.62,1,6,14,657,Good
101356,32,146430,1319670,120,0.78,6,3,24,547,Poor
101357,35,134619,426036,36,0.79,8,5,21,500,Poor
101358,46,100376,287723,48,0.83,5,7,17,548,Poor
101359,61,114931,1431848,120,0.42,9,4,11,353,Poor
101360,46,176726,1509900,180,0.68,1,3,22,712,Good
101361,52,171951,888927,240,0.29,9,5,18,475,Poor
101362,30,96532,132806,60,0.95,9,4,12,395,Poor
101363,36,70778,1978193,60,0.21,8,7,6,300,Poor
101364,27,52772,781893,180,0.06,6,5,24,628,Fair
101365,37,73478,1328673,180,0.18,0,0,9,716,Good
101366,43,41762,1024334,12,0.75,8,7,9,313,Poor
101367,46,159355,1042144,48,0.45,1,1,1,623,Fair
101368,41,185492,247478,240,0.45,3,0,13,731,Good
101369,42,70568,537436,48,0.91,8,3,12,405,Poor
101370,27,100090,1793455,180,0.88,3,4,21,554,Fair
101371,34,35219,1410369,24,0.33,2,5,5,528,Poor
101372,35,72169,1788460,24,0.24,0,3,8,634,Fair
101373,27,89965,539709,120,0.81,6,3,12,493,Poor
101374,29,192912,1787821,120,0.87,5,7,8,379,Poor
101375,28,190767,487585,24,0.54,9,1,12,474,Poor
101376,43,99754,1330780,180,0.62,3,6,4,466,Poor
101377,49,92988,407546,180,0.28,5,3,13,611,Fair
101378,38,165023,867108,120,0.77,5,1,4,485,Poor
101379,51,147379,900525,36,0.62,3,4,8,567,Fair
101380,50,95388,1539556,180,0.5,5,4,7,436,Poor
101381,59,105768,231871,24,0.1,9,5,6,434,Poor
101382,55,50428,391558,48,0.87,7,6,7,380,Poor
101383,38,107021,548512,180,0.6,2,1,21,754,Excellent
101384,62,133418,1453815,240,0.22,3,0,2,558,Fair
101385,59,185047,817442,180,0.6,9,4,22,489,Poor
101386,37,147212,1695171,36,0.66,0,7,23,693,Good
101387,34,170914,525278,120,0.52,3,6,14,644,Fair
101388,51,41421,1980440,180,0.7,9,5,7,300,Poor
101389,44,16708,344067,60,0.57,9,0,0,344,Poor
101390,55,149702,429593,12,0.9,8,4,6,381,Poor
101391,64,165667,544955,24,0.1,7,4,18,603,Fair
101392,54,91021,1334574,240,0.15,3,5,1,506,Poor
101393,23,174380,1570180,240,0.21,6,5,13,495,Poor
101394,57,59789,1932582,240,0.67,9,2,17,334,Poor
101395,63,41086,1535183,60,0.63,2,7,14,536,Poor
101396,60,31859,1096195,240,0.85,8,3,13,364,Poor
101397,46,22684,696045,240,0.71,9,3,23,455,Poor
101398,43,106088,1676528,120,0.51,3,0,24,674,Good
101399,64,147279,1952392,48,0.94,1,3,18,604,Fair
101400,59,61099,867459,12,0.29,9,0,18,493,Poor
101401,35,81093,740824,60,0.8,4,6,21,587,Fair
101402,24,175761,1395205,12,0.43,1,4,16,693,Good
101403,49,63651,1358014,24,0.63,9,2,21,418,Poor
101404,42,28893,200528,120,0.7,5,2,18,608,Fair
101405,45,81418,518011,180,0.62,9,7,15,394,Poor
101406,33,140074,347698,48,0.18,0,7,19,825,Excellent
101407,38,118065,1407642,120,0.45,5,4,24,596,Fair
101408,53,145351,1374129,12,0.56,3,5,18,605,Fair
101409,36,53635,774687,60,0.81,2,7,0,467,Poor
101410,62,110071,796760,24,0.45,1,7,18,704,Good
101411,64,93518,348783,24,0.88,6,1,6,473,Poor
101412,22,121233,1329758,120,0.45,8,1,22,512,Poor
101413,55,118651,1555419,180,0.54,2,3,10,576,Fair
101414,62,87805,1904700,60,0.77,5,5,4,339,Poor
101415,54,174136,1187613,180,0.57,8,0,16,487,Poor
101416,50,137813,1832776,180,0.91,1,6,10,521,Poor
101417,33,94063,1808136,240,0.64,6,2,23,511,Poor
101418,33,17454,798423,60,0.52,4,3,7,515,Poor
101419,38,35878,1287063,12,0.07,4,7,9,511,Poor
101420,52,197170,68074,120,0.42,6,4,11,591,Fair
101421,52,159063,720909,120,0.32,8,5,9,444,Poor
101422,55,83344,1390683,240,0.72,3,7,12,498,Poor
101423,59,119946,1583248,36,0.24,8,2,17,467,Poor
101424,49,51593,1850298,120,0.23,9,0,9,347,Poor
101425,49,51304,806967,24,0.22,8,0,18,538,Poor
101426,64,176458,626553,12,0.16,3,1,19,771,Excellent
101427,36,128613,66061,60,0.33,2,3,16,772,Excellent
101428,64,167155,1550018,120,0.85,1,7,19,621,Fair
101429,30,33354,1258458,12,0.75,8,4,15,369,Poor
101430,50,37190,503222,240,0.71,1,2,4,613,Fair
101431,45,21142,687790,120,0.77,5,7,2,380,Poor
101432,59,174470,1383520,60,0.29,4,6,14,569,Fair
101433,40,198043,1476912,48,0.85,4,0,1,457,Poor
101434,25,56862,552175,60,0.17,3,7,12,623,Fair
101435,21,199482,1355081,60,0.35,5,2,21,632,Fair
101436,50,165575,681516,60,0.58,4,4,7,552,Fair
101437,23,140438,256548,120,0.14,3,2,22,806,Excellent
101438,34,63456,1561252,36,0.71,8,3,16,377,Poor
101439,50,115167,500983,60,0.4,5,1,3,535,Poor
101440,24,97035,1913062,240,0.76,9,2,18,344,Poor
101441,38,23016,518535,24,0.49,9,5,21,460,Poor
101442,57,17384,546005,24,0.21,9,7,24,493,Poor
101443,45,161144,750757,240,0.71,2,1,8,637,Fair
101444,21,117239,1111809,12,0.28,9,4,22,484,Poor
101445,35,126431,816565,36,0.49,5,1,14,591,Fair
101446,29,95018,533236,12,0.12,0,2,8,765,Excellent
101447,35,55510,1779004,240,0.61,4,2,23,575,Fair
101448,44,195005,902159,24,0.65,9,5,20,453,Poor
101449,24,36826,1975618,180,0.39,5,0,8,445,Poor
101450,32,83026,1431173,24,0.91,7,7,13,340,Poor
101451,57,136668,678423,48,0.84,8,5,22,482,Poor
101452,57,171590,1517624,60,0.69,2,2,20,667,Good
101453,63,39045,420608,180,0.69,1,6,15,670,Good
101454,26,196948,267314,24,0.28,3,1,23,823,Excellent
101455,59,105102,587970,120,0.64,7,5,22,539,Poor
101456,44,66919,1584090,120,0.23,7,5,24,513,Poor
101457,31,114441,204455,12,0.18,2,7,16,734,Good
101458,33,173175,1418880,180,0.95,3,6,12,505,Poor
101459,54,182260,798692,12,0.61,2,6,8,602,Fair
101460,45,151917,335810,60,0.44,9,6,14,453,Poor
101461,27,182746,1419537,60,0.31,1,7,6,597,Fair
101462,24,133325,1714062,48,0.59,3,0,0,477,Poor
101463,28,34337,477858,240,0.09,5,2,0,516,Poor
101464,40,168385,1664694,240,0.14,4,2,4,523,Poor
101465,49,173015,1594859,36,0.08,2,4,23,739,Good
101466,30,92949,584522,12,0.5,1,7,8,630,Fair
101467,63,15276,631904,60,0.59,8,0,11,441,Poor
101468,54,66151,321365,240,0.11,0,4,5,731,Good
101469,46,163683,1241058,12,0.7,8,4,12,392,Poor
101470,61,158016,1833991,60,0.26,0,4,7,635,Fair
101471,23,67887,766773,24,0.67,6,7,14,461,Poor
101472,26,96442,1099627,12,0.93,5,3,5,414,Poor
101473,25,64847,1995537,24,0.67,6,4,5,319,Poor
101474,25,73653,1699782,12,0.84,2,5,3,439,Poor
101475,43,71622,128116,36,0.9,2,1,10,653,Good
101476,29,42810,434370,48,0.49,0,5,20,779,Excellent
101477,55,92842,1327507,120,0.68,3,5,17,571,Fair
101478,40,137225,1405477,240,0.82,1,2,2,541,Poor
101479,62,25503,569385,120,0.37,9,3,2,339,Poor
101480,55,99761,1481728,120,0.29,7,7,11,400,Poor
101481,38,183048,1622138,24,0.9,2,4,20,617,Fair
101482,37,141439,1831411,180,0.7,6,2,20,492,Poor
101483,44,26590,276572,60,0.25,6,0,5,536,Poor
101484,23,156958,181379,120,0.45,8,0,20,609,Fair
101485,52,158938,1679753,36,0.77,5,7,5,366,Poor
101486,55,81624,1036399,120,0.54,0,2,7,663,Good
101487,58,178864,276256,12,0.63,7,1,14,563,Fair
101488,33,155836,872376,24,0.73,0,7,17,705,Good
101489,45,135356,935987,180,0.61,2,2,19,705,Good
101490,29,57727,612422,12,0.54,4,2,15,614,Fair
101491,24,93471,470539,180,0.72,7,3,5,419,Poor
101492,34,23068,1607997,12,0.7,8,7,20,354,Poor
101493,57,131923,252834,12,0.62,6,0,16,613,Fair
101494,54,153367,1579017,240,0.37,8,0,8,409,Poor
101495,31,187232,1326155,48,0.42,2,4,18,684,Good
101496,61,26390,600242,48,0.92,4,5,17,545,Poor
101497,23,121752,760381,60,0.15,9,7,24,515,Poor
101498,48,166203,1450679,24,0.29,7,2,22,560,Fair
101499,49,109754,801287,36,0.49,0,7,4,622,Fair
101500,29,90969,1833802,36,0.8,7,2,5,310,Poor
101501,23,161110,1824363,36,0.2,6,1,11,496,Poor
101502,45,198399,1365712,240,0.3,0,7,10,674,Good
101503,54,92064,576249,12,0.11,9,6,15,463,Poor
101504,32,36281,586785,48,0.69,9,6,19,408,Poor
101505,62,69189,475767,24,0.26,5,0,16,654,Good
101506,29,63511,1879310,12,0.4,0,1,19,713,Good
101507,35,137115,849687,180,0.45,1,3,8,668,Good
101508,60,23605,185639,48,0.85,4,4,0,460,Poor
101509,45,115318,1933855,48,0.42,1,1,2,550,Fair
101510,25,147453,810177,120,0.18,9,0,20,553,Fair
101511,31,34810,1801939,120,0.52,0,3,22,700,Good
101512,54,170394,1118965,240,0.92,5,2,8,470,Poor
101513,44,56869,1274171,24,0.6,7,3,21,486,Poor
101514,35,47955,1484522,180,0.94,7,5,18,382,Poor
101515,58,76388,373720,24,0.81,7,7,12,427,Poor
101516,28,25207,1094846,24,0.08,5,1,22,651,Good
101517,25,174292,880351,240,0.64,2,0,13,689,Good
101518,46,37031,787463,240,0.31,0,1,19,803,Excellent
101519,38,95807,53358,12,0.55,1,2,18,797,Excellent
101520,26,86312,400679,60,0.3,4,6,22,684,Good
101521,57,74766,551110,240,0.36,9,2,6,398,Poor
101522,33,158521,1351133,24,0.88,4,0,3,468,Poor
101523,48,104833,257596,120,0.24,9,5,11,455,Poor
101524,25,126041,1877352,60,0.84,0,4,22,673,Good
101525,33,131185,680270,12,0.08,0,7,13,759,Excellent
101526,37,192164,278129,60,0.13,8,7,1,428,Poor
101527,60,25350,1890706,36,0.82,1,3,0,443,Poor
101528,52,115859,378953,180,0.62,6,3,17,576,Fair
101529,49,83487,667367,60,0.72,9,2,19,452,Poor
101530,23,163694,1154381,24,0.24,3,1,7,619,Fair
101531,60,138853,212421,12,0.53,6,6,2,457,Poor
101532,54,68117,1306425,180,0.71,7,1,5,366,Poor
101533,60,116084,911465,24,0.61,4,5,21,617,Fair
101534,47,38782,288483,180,0.47,0,4,12,738,Good
101535,33,43454,1983247,120,0.91,3,7,8,384,Poor
101536,53,82904,442551,36,0.66,9,1,8,399,Poor
101537,26,144936,1142617,120,0.87,2,7,19,610,Fair
101538,44,161664,1916962,24,0.71,9,3,8,300,Poor
101539,39,168245,320146,24,0.71,4,7,14,592,Fair
101540,36,179276,1430503,24,0.12,9,6,12,396,Poor
101541,60,181668,157524,48,0.37,9,7,21,530,Poor
101542,48,180396,268306,36,0.82,5,1,15,619,Fair
101543,53,137258,961289,180,0.26,1,6,1,596,Fair
101544,61,126668,594026,240,0.15,6,7,13,546,Poor
101545,33,139184,1895711,24,0.34,2,4,5,529,Poor
101546,63,176822,163776,24,0.25,0,3,1,738,Good
101547,45,31566,230494,180,0.88,9,7,7,306,Poor
101548,62,153262,242971,240,0.83,2,6,3,571,Fair
101549,56,53333,979896,120,0.5,8,1,20,498,Poor
101550,47,136929,1929732,120,0.11,9,3,23,463,Poor
101551,58,104571,1917307,24,0.69,5,2,13,454,Poor
101552,27,135263,327785,12,0.61,5,2,10,576,Fair
101553,25,147661,1440254,48,0.92,3,5,23,598,Fair
101554,63,40235,318449,120,0.55,7,2,13,510,Poor
101555,51,15159,803622,12,0.35,4,1,11,586,Fair
101556,43,158217,1379502,48,0.52,6,4,15,495,Poor
101557,62,177993,1438977,24,0.93,8,3,5,307,Poor
101558,30,119859,286371,36,0.68,4,6,19,633,Fair
101559,52,162309,652251,60,0.65,4,0,0,529,Poor
101560,63,122507,696275,60,0.27,3,2,11,662,Good
101561,50,154316,1774502,24,0.72,5,2,6,421,Poor
101562,59,29743,174591,120,0.73,1,0,7,678,Good
101563,51,61101,642054,12,0.34,2,6,8,610,Fair
101564,38,136534,580799,36,0.49,0,6,1,634,Fair
101565,56,99227,689104,180,0.32,1,0,16,779,Excellent
101566,22,86126,550981,48,0.28,1,6,19,755,Excellent
101567,34,71071,823720,24,0.07,7,1,12,538,Poor
101568,33,89763,993681,36,0.31,7,6,4,387,Poor
101569,49,158309,316909,240,0.55,1,3,9,713,Good
101570,32,161721,1250002,36,0.05,5,6,11,546,Poor
101571,59,183785,1384649,120,0.3,4,7,16,576,Fair
101572,22,191481,1258468,240,0.84,2,7,20,626,Fair
101573,52,194838,1210152,48,0.58,4,2,5,522,Poor
101574,33,61154,1521315,240,0.6,4,4,2,411,Poor
101575,47,22016,1693952,36,0.41,4,1,14,534,Poor
101576,61,194760,1033667,120,0.66,2,1,6,615,Fair
101577,37,104678,1176101,240,0.22,2,6,5,571,Fair
101578,60,127056,63780,12,0.79,3,4,3,567,Fair
101579,51,69238,318733,120,0.16,6,4,18,620,Fair
101580,54,73608,930096,12,0.64,1,5,4,568,Fair
101581,44,104081,1013443,12,0.36,9,4,2,318,Poor
101582,55,177969,1543285,240,0.72,3,6,24,621,Fair
101583,26,65961,154188,240,0.54,3,6,8,592,Fair
101584,39,190829,667614,180,0.46,0,0,5,739,Good
101585,50,41917,877385,180,0.2,9,2,12,429,Poor
101586,27,168808,640073,36,0.62,7,7,21,528,Poor
101587,30,42990,1642173,120,0.93,0,5,19,622,Fair
101588,61,77551,1677059,180,0.79,7,6,3,300,Poor
101589,52,168512,1124477,12,0.1,6,0,1,497,Poor
101590,54,181277,1777512,180,0.39,8,5,3,309,Poor
101591,48,95811,1523300,48,0.88,7,2,7,342,Poor
101592,35,70103,517927,36,0.5,4,5,12,576,Fair
101593,50,187699,1648328,120,0.65,7,0,9,423,Poor
101594,57,121122,1376980,120,0.87,9,3,17,363,Poor
101595,49,34008,699285,60,0.84,2,7,8,527,Poor
101596,42,47402,347584,120,0.5,9,6,0,301,Poor
101597,24,199456,1455802,36,0.44,6,7,12,457,Poor
101598,40,151865,942015,48,0.36,3,2,17,688,Good
101599,52,151643,630971,120,0.7,4,1,14,623,Fair
101600,56,162281,436350,60,0.31,8,2,1,435,Poor
101601,24,128550,222502,36,0.27,6,2,10,588,Fair
101602,47,189220,1606570,12,0.37,3,2,13,613,Fair
101603,37,106218,1779041,24,0.21,5,3,21,577,Fair
101604,32,148296,1701348,24,0.68,9,6,14,314,Poor
101605,42,194767,824107,12,0.6,6,0,13,565,Fair
101606,37,135779,904741,180,0.48,9,6,15,406,Poor
101607,30,144714,882359,120,0.4,8,1,22,561,Fair
101608,21,47441,1305062,240,0.87,3,0,14,562,Fair
101609,42,185201,1927954,24,0.08,9,5,18,421,Poor
101610,46,77368,962935,180,0.74,2,5,8,551,Fair
101611,38,107122,499777,24,0.86,7,5,4,376,Poor
101612,34,59760,191449,12,0.45,0,0,4,731,Good
101613,49,38478,627880,120,0.55,8,4,10,405,Poor
101614,32,142881,1236995,120,0.9,0,3,19,708,Good
101615,56,86854,345920,180,0.24,1,4,24,837,Excellent
101616,55,109230,971287,12,0.52,7,6,23,522,Poor
101617,32,100716,1678662,180,0.48,8,5,3,300,Poor
101618,27,158252,185370,120,0.28,6,3,19,661,Good
101619,49,113538,906636,240,0.79,2,0,17,683,Good
101620,31,30372,922639,120,0.86,6,5,24,514,Poor
101621,53,44796,1985364,36,0.75,5,0,2,356,Poor
101622,26,113826,498377,240,0.23,1,3,3,676,Good
101623,35,135592,897084,180,0.13,2,0,13,737,Good
101624,52,108635,541830,36,0.59,9,0,6,401,Poor
101625,31,126022,966004,12,0.1,9,1,7,430,Poor
101626,43,69040,293767,48,0.66,4,6,23,652,Good
101627,46,90357,1643786,24,0.53,9,4,15,347,Poor
101628,54,93356,477244,36,0.65,3,7,19,639,Fair
101629,54,31211,554677,24,0.58,1,4,14,682,Good
101630,49,120426,1512108,60,0.43,3,4,6,517,Poor
101631,24,20842,913428,12,0.23,7,2,16,519,Poor
101632,37,81852,1508760,48,0.33,4,1,21,632,Fair
101633,55,140737,866698,60,0.52,4,7,21,618,Fair
101634,33,60968,568895,60,0.64,9,5,21,449,Poor
101635,61,32508,1325393,120,0.75,2,5,11,532,Poor
101636,59,168077,467216,60,0.74,7,5,17,515,Poor
101637,35,69575,981515,12,0.93,5,4,23,550,Fair
101638,49,165043,1101442,36,0.31,1,6,13,683,Good
101639,49,171671,162669,12,0.11,1,4,14,812,Excellent
101640,31,81914,842330,36,0.36,8,7,14,426,Poor
101641,52,82055,330539,60,0.72,6,6,4,424,Poor
101642,22,102697,1792955,60,0.44,9,1,15,380,Poor
101643,34,121239,1070747,240,0.79,8,6,4,300,Poor
101644,40,138106,316150,48,0.54,5,7,1,464,Poor
101645,42,20355,739753,36,0.89,4,0,19,602,Fair
101646,31,69120,1895964,60,0.9,0,4,24,663,Good
101647,47,53342,493258,120,0.11,5,5,8,552,Fair
101648,23,17257,539415,240,0.46,5,0,21,650,Good
101649,37,42364,997135,24,0.6,2,4,8,565,Fair
101650,64,171044,1456396,240,0.28,2,3,3,575,Fair
101651,48,126715,696012,48,0.42,2,2,14,704,Good
101652,49,41654,1685765,12,0.66,2,4,10,518,Poor
101653,41,96423,943659,48,0.25,6,3,0,433,Poor
101654,36,44320,774857,24,0.59,9,7,17,382,Poor
101655,57,35808,538029,240,0.68,1,1,0,591,Fair
101656,40,67389,1740056,36,0.13,9,3,7,326,Poor
101657,26,133581,222646,12,0.5,9,1,24,579,Fair
101658,39,142927,1392137,12,0.29,1,4,15,692,Good
101659,25,49773,400164,36,0.7,2,1,21,737,Good
101660,23,197240,1444359,180,0.22,9,3,17,458,Poor
101661,21,173819,1556798,180,0.85,6,6,21,474,Poor
101662,58,91396,1193457,48,0.44,2,2,8,603,Fair
101663,35,122692,292934,60,0.23,6,0,11,614,Fair
101664,54,72505,182659,180,0.44,8,0,18,568,Fair
101665,55,100896,1744552,48,0.42,9,2,24,447,Poor
101666,45,33135,551323,180,0.44,3,5,17,644,Fair
101667,44,105887,689872,24,0.58,6,0,4,479,Poor
101668,32,137118,1808646,120,0.52,8,7,1,300,Poor
101669,38,62377,1971575,60,0.18,7,4,6,352,Poor
101670,35,169626,797108,48,0.11,7,5,9,501,Poor
101671,64,77491,912318,120,0.71,8,4,14,407,Poor
101672,36,73283,986320,120,0.55,4,3,24,649,Fair
101673,47,31923,1839760,240,0.37,4,7,6,406,Poor
101674,28,62591,865864,180,0.78,2,3,4,538,Poor
101675,45,77261,1278265,240,0.4,4,5,14,545,Poor
101676,37,69336,1433093,36,0.77,7,5,19,421,Poor
101677,49,89083,1263865,24,0.33,4,7,19,578,Fair
101678,28,75948,1381604,24,0.12,3,7,14,585,Fair
101679,35,179074,317598,24,0.89,7,5,9,449,Poor
101680,47,41672,1697824,60,0.41,6,5,23,501,Poor
101681,27,19213,1200997,12,0.76,5,1,13,487,Poor
101682,23,156365,1336821,60,0.3,4,6,9,526,Poor
101683,49,77507,1666482,48,0.63,4,5,16,502,Poor
101684,64,72134,1051452,120,0.84,9,7,20,362,Poor
101685,44,148172,1145687,120,0.09,1,6,13,701,Good
101686,23,43172,482829,240,0.8,3,5,1,481,Poor
101687,40,35132,266750,12,0.56,7,3,15,517,Poor
101688,35,33199,170592,48,0.6,7,4,12,485,Poor
101689,45,51609,284000,12,0.52,0,6,8,684,Good
101690,50,189037,830277,120,0.84,1,3,6,622,Fair
101691,34,154088,372137,180,0.09,4,0,15,736,Good
101692,27,185851,1227228,60,0.28,8,7,9,396,Poor
101693,37,46881,976352,24,0.84,9,1,23,444,Poor
101694,64,39472,558069,120,0.73,6,1,21,578,Fair
101695,40,197885,1701536,36,0.07,9,4,8,374,Poor
101696,56,182093,1873215,24,0.52,4,5,21,570,Fair
101697,29,69131,902557,120,0.53,0,3,22,781,Excellent
101698,58,170159,1316092,60,0.41,5,0,6,520,Poor
101699,42,27828,429653,12,0.32,7,3,15,531,Poor
101700,22,111664,1160178,180,0.66,6,7,8,395,Poor
101701,44,147473,253117,180,0.24,1,7,23,824,Excellent
101702,28,30193,287069,24,0.77,4,5,16,582,Fair
101703,31,190936,616510,60,0.77,3,5,19,663,Good
101704,33,166379,1934231,180,0.42,8,7,6,300,Poor
101705,37,117518,1339660,180,0.31,9,2,10,386,Poor
101706,28,34611,1340894,48,0.31,0,7,7,602,Fair
101707,41,189863,1688197,36,0.48,5,3,6,457,Poor
101708,38,158022,758092,24,0.7,2,4,18,687,Good
101709,50,91240,1483370,12,0.37,8,3,19,456,Poor
101710,38,17745,1147996,180,0.6,4,1,11,529,Poor
101711,51,70243,649792,48,0.39,5,0,6,545,Poor
101712,58,18866,1625326,60,0.32,8,6,7,303,Poor
101713,52,178317,321604,180,0.07,8,4,6,497,Poor
101714,31,190796,673607,240,0.05,7,2,5,522,Poor
101715,45,143681,1879538,36,0.25,8,0,24,525,Poor
101716,53,86354,714635,12,0.42,3,0,8,627,Fair
101717,58,66374,718629,60,0.82,5,6,12,475,Poor
101718,61,129397,1752457,60,0.77,4,1,6,454,Poor
101719,28,139577,1221248,24,0.29,4,1,7,565,Fair
101720,31,176188,1557734,180,0.27,3,1,21,699,Good
101721,42,96029,1433640,24,0.25,1,4,16,687,Good
101722,44,108574,563953,12,0.36,5,3,16,617,Fair
101723,61,166519,1907561,240,0.5,8,0,15,427,Poor
101724,37,45431,467582,180,0.44,0,3,21,811,Excellent
101725,32,163980,94036,120,0.25,6,3,1,530,Poor
101726,52,44336,1247017,180,0.17,5,1,7,514,Poor
101727,35,55992,192867,240,0.06,2,3,16,772,Excellent
101728,36,70350,1168597,120,0.19,0,0,12,751,Excellent
101729,42,84561,419349,60,0.68,3,0,17,691,Good
101730,48,66955,1559946,24,0.27,8,5,23,467,Poor
101731,40,76240,735503,36,0.47,1,2,21,771,Excellent
101732,53,166165,472641,180,0.58,2,4,9,654,Good
101733,30,152227,1973217,36,0.85,1,3,1,479,Poor
101734,60,61607,387283,180,0.85,1,4,1,568,Fair
101735,52,179559,810592,60,0.72,9,4,13,402,Poor
101736,53,167035,1628232,24,0.08,7,4,15,495,Poor
101737,22,196196,1758557,12,0.57,2,6,6,518,Poor
101738,53,67870,633117,12,0.76,6,7,20,509,Poor
101739,53,79110,441180,12,0.07,7,5,20,595,Fair
101740,61,199626,1552086,180,0.54,2,4,23,695,Good
101741,33,167008,851151,180,0.82,1,7,11,617,Fair
101742,50,131895,1652091,36,0.48,7,7,22,461,Poor
101743,53,19426,683718,24,0.05,2,5,13,679,Good
101744,33,42606,450782,240,0.06,6,0,24,702,Good
101745,46,193904,62306,180,0.42,0,6,3,717,Good
101746,42,43151,628110,24,0.19,5,3,3,509,Poor
101747,59,26308,74042,36,0.65,8,5,17,480,Poor
101748,22,191743,458302,180,0.69,2,2,2,614,Fair
101749,58,105306,722747,12,0.21,6,7,0,419,Poor
101750,59,121984,663712,12,0.85,5,4,16,544,Poor
101751,46,17204,1281266,60,0.45,7,7,6,332,Poor
101752,35,107769,797410,120,0.18,2,6,15,687,Good
101753,54,102265,199395,48,0.74,2,2,4,618,Fair
101754,62,46131,1640883,240,0.76,3,0,18,580,Fair
101755,64,67428,911858,120,0.63,2,0,6,600,Fair
101756,60,48870,1663727,180,0.82,8,1,13,347,Poor
101757,31,118547,1088457,24,0.71,3,4,1,476,Poor
101758,23,64067,685311,180,0.84,5,1,2,445,Poor
101759,26,127217,1764219,24,0.44,7,6,16,417,Poor
101760,29,167679,985783,24,0.72,7,2,15,490,Poor
101761,26,171040,1407719,120,0.95,4,7,7,421,Poor
101762,29,113934,112780,48,0.7,4,3,17,657,Good
101763,59,157980,859340,60,0.15,5,1,14,638,Fair
101764,51,172495,1815520,120,0.52,9,0,6,327,Poor
101765,52,89707,1486998,48,0.58,6,4,8,402,Poor
101766,61,76215,1998010,12,0.21,9,7,5,300,Poor
101767,32,64429,1542017,12,0.92,6,2,17,442,Poor
101768,28,97152,1791888,24,0.21,3,5,17,592,Fair
101769,28,123048,1199282,36,0.21,5,6,24,623,Fair
101770,48,184530,1791599,180,0.87,6,6,23,472,Poor
101771,40,192241,172019,180,0.47,4,0,13,702,Good
101772,27,153731,421852,24,0.11,4,5,13,663,Good
101773,31,92240,1815317,36,0.59,1,6,13,571,Fair
101774,40,178865,229001,240,0.59,6,3,24,667,Good
101775,36,128688,845775,48,0.11,5,7,3,487,Poor
101776,24,61473,1961181,240,0.93,0,4,3,484,Poor
101777,26,111762,1198836,240,0.54,3,7,14,560,Fair
101778,42,121956,1269439,12,0.55,2,3,14,631,Fair
101779,46,133452,734494,240,0.52,2,6,17,675,Good
101780,23,141311,1079870,180,0.6,6,3,13,498,Poor
101781,61,22006,1801037,120,0.29,9,7,0,300,Poor
101782,62,89218,643731,36,0.31,3,6,9,595,Fair
101783,34,179912,804471,48,0.51,7,4,19,545,Poor
101784,31,47430,369674,12,0.78,8,4,9,393,Poor
101785,38,38091,1538591,240,0.09,2,5,9,580,Fair
101786,32,179055,710187,120,0.59,4,3,23,690,Good
101787,43,38989,146143,36,0.78,3,2,1,539,Poor
101788,32,90451,1816589,24,0.19,9,5,7,300,Poor
101789,33,33990,194771,24,0.06,5,4,0,522,Poor
101790,45,105270,1070332,24,0.33,9,0,0,341,Poor
101791,39,95360,1605289,180,0.58,3,6,3,440,Poor
101792,56,51081,1058923,48,0.17,7,5,6,413,Poor
101793,28,157105,950959,24,0.43,2,1,8,653,Good
101794,49,123272,1870908,180,0.55,4,2,15,531,Poor
101795,52,31241,710673,60,0.59,0,6,4,604,Fair
101796,64,139932,1767534,180,0.3,5,5,1,398,Poor
101797,38,20939,161362,12,0.41,4,4,22,690,Good
101798,26,128000,1869381,180,0.75,7,7,10,314,Poor
101799,38,193634,1389527,48,0.9,8,4,17,405,Poor
101800,39,50063,1823326,120,0.83,7,2,24,447,Poor
101801,42,173117,226298,240,0.56,7,1,24,654,Good
101802,57,190841,633838,180,0.42,2,5,18,730,Good
101803,52,62118,523288,24,0.35,3,7,12,606,Fair
101804,61,99703,315702,12,0.16,3,5,23,764,Excellent
101805,23,167697,1042812,36,0.15,4,3,10,609,Fair
101806,48,143557,362257,24,0.67,8,0,19,556,Fair
101807,30,42076,1938007,12,0.28,8,4,18,398,Poor
101808,55,59605,1809814,60,0.28,9,5,16,352,Poor
101809,49,99565,1003847,240,0.95,0,5,4,568,Fair
101810,35,54121,1156795,36,0.22,7,6,12,438,Poor
101811,53,46433,1789122,60,0.18,0,6,19,691,Good
101812,27,58309,1004470,120,0.14,1,5,0,585,Fair
101813,32,82468,739129,12,0.57,6,1,9,499,Poor
101814,50,190326,825292,60,0.62,7,0,7,478,Poor
101815,41,82293,1880200,240,0.38,0,5,23,713,Good
101816,51,111258,286495,240,0.53,2,2,7,663,Good
101817,44,183925,1676082,120,0.76,6,4,18,474,Poor
101818,40,53405,331373,240,0.79,8,3,5,375,Poor
101819,57,58527,1960217,12,0.91,7,6,11,300,Poor
101820,24,92227,1650741,12,0.79,7,2,6,334,Poor
101821,48,146564,239073,240,0.56,8,4,15,508,Poor
101822,64,154883,409281,60,0.21,9,7,8,418,Poor
101823,40,108344,874516,12,0.14,2,6,20,726,Good
101824,44,170344,918212,24,0.1,7,1,24,653,Good
101825,52,62153,1060396,240,0.65,0,6,21,714,Good
101826,61,123042,1246454,12,0.78,7,0,9,421,Poor
101827,56,69110,269707,48,0.51,6,0,9,550,Fair
101828,54,160051,291249,120,0.1,7,4,9,550,Fair
101829,56,43328,1135610,240,0.53,0,2,19,741,Good
101830,22,127911,221389,12,0.89,5,3,15,579,Fair
101831,35,27867,1940476,48,0.59,6,1,0,312,Poor
101832,54,74234,1510886,12,0.78,4,4,16,506,Poor
101833,56,40851,1811732,12,0.77,4,7,20,475,Poor
101834,26,46279,1109165,60,0.89,6,1,13,452,Poor
101835,59,88402,1155797,24,0.74,2,0,18,669,Good
101836,62,30449,1354503,240,0.72,5,5,20,499,Poor
101837,32,91221,1886665,120,0.26,6,5,20,495,Poor
101838,23,104080,1459020,240,0.1,0,3,16,751,Excellent
101839,38,20451,691517,24,0.52,1,1,13,697,Good
101840,60,102178,875963,36,0.16,3,4,7,602,Fair
101841,41,187388,626515,60,0.92,7,3,20,531,Poor
101842,35,78761,315308,60,0.31,9,6,20,496,Poor
101843,53,53870,143078,24,0.82,5,6,8,485,Poor
101844,55,111566,877679,180,0.4,0,7,7,651,Good
101845,46,138749,809401,60,0.34,9,2,12,447,Poor
101846,28,138765,624887,240,0.89,4,5,16,573,Fair
101847,56,139881,514761,24,0.38,6,4,18,599,Fair
101848,50,176945,1869231,60,0.4,5,1,6,469,Poor
101849,43,143389,1608244,12,0.15,8,3,16,464,Poor
101850,62,40372,976921,24,0.65,7,4,0,321,Poor
101851,64,18642,1288227,24,0.31,3,3,4,512,Poor
101852,34,174073,1599317,240,0.58,4,3,24,627,Fair
101853,34,49064,118207,48,0.58,6,3,5,486,Poor
101854,22,29122,384199,60,0.7,7,1,1,397,Poor
101855,57,170892,938698,60,0.72,4,4,24,652,Good
101856,25,83431,1438990,24,0.51,8,0,15,439,Poor
101857,58,70745,161426,12,0.35,9,0,21,569,Fair
101858,61,65081,1609657,12,0.8,3,1,4,462,Poor
101859,34,154783,184794,120,0.33,3,6,4,609,Fair
101860,59,164865,1955450,12,0.51,7,1,11,415,Poor
101861,45,154271,1456352,60,0.41,0,5,2,597,Fair
101862,40,91253,1793967,180,0.82,7,3,15,380,Poor
101863,22,51191,1833171,48,0.44,4,4,5,426,Poor
101864,59,25211,595726,24,0.4,0,4,14,734,Good
101865,26,126086,633107,36,0.67,3,2,14,644,Fair
101866,37,167614,93856,48,0.59,1,2,15,787,Excellent
101867,45,177384,1525368,240,0.15,3,7,19,640,Fair
101868,48,191314,1926946,240,0.51,7,0,12,443,Poor
101869,22,116971,492244,180,0.71,4,2,11,589,Fair
101870,55,108783,1158383,36,0.94,0,2,9,629,Fair
101871,57,140681,886309,48,0.62,6,0,13,541,Poor
101872,25,102893,540999,12,0.38,0,5,1,650,Good
101873,21,173763,1142037,60,0.25,8,6,2,357,Poor
101874,60,92960,667762,180,0.84,2,0,8,618,Fair
101875,32,99388,395280,36,0.78,2,6,10,605,Fair
101876,56,37601,1381155,180,0.26,5,7,10,455,Poor
101877,43,164092,1838053,48,0.23,9,2,24,482,Poor
101878,51,154227,457407,60,0.69,5,4,21,630,Fair
101879,31,182849,921158,180,0.33,5,2,9,569,Fair
101880,30,34710,1353306,36,0.33,0,3,13,687,Good
101881,23,123714,1345308,24,0.19,4,7,8,511,Poor
101882,34,170604,470602,48,0.29,5,6,19,646,Fair
101883,36,143727,1785657,24,0.43,7,6,20,454,Poor
101884,30,164673,1677650,12,0.71,0,3,9,622,Fair
101885,49,78227,325848,24,0.35,4,3,21,703,Good
101886,30,151039,106635,24,0.35,2,5,8,689,Good
101887,32,99289,969627,120,0.31,1,1,4,652,Good
101888,50,166094,1451430,48,0.48,7,3,7,407,Poor
101889,61,189535,815197,12,0.21,6,6,10,526,Poor
101890,21,20722,295984,24,0.49,9,4,0,319,Poor
101891,25,173485,1423713,240,0.68,6,6,20,497,Poor
101892,40,96050,1211328,60,0.08,4,6,9,544,Poor
101893,28,98596,1309770,36,0.06,8,5,0,338,Poor
101894,63,81732,278584,24,0.12,4,1,21,756,Excellent
101895,32,158369,1517208,12,0.53,1,1,6,616,Fair
101896,21,83323,182886,24,0.82,2,3,13,666,Good
101897,40,38816,1177113,36,0.05,3,7,4,518,Poor
101898,48,55695,886690,12,0.89,4,2,16,557,Fair
101899,63,165774,1770444,48,0.15,2,6,21,678,Good
101900,57,171314,135166,12,0.81,6,0,20,643,Fair
101901,57,70841,1832852,48,0.48,4,2,5,447,Poor
101902,32,143498,425854,12,0.64,4,2,15,642,Fair
101903,57,122096,1396419,240,0.51,5,1,10,509,Poor
101904,64,107764,358479,180,0.48,6,1,9,548,Poor
101905,48,199646,1931814,36,0.8,9,5,14,306,Poor
101906,35,100744,914285,36,0.73,9,5,6,302,Poor
101907,26,43482,1817704,12,0.49,7,1,22,480,Poor
101908,64,24171,347883,180,0.15,8,4,1,399,Poor
101909,40,115755,609073,24,0.15,3,4,11,661,Good
101910,34,123125,213052,36,0.77,4,0,18,681,Good
101911,22,145722,806079,240,0.53,4,1,11,604,Fair
101912,29,121082,1586494,48,0.48,7,3,15,447,Poor
101913,57,18696,1970024,48,0.66,8,5,5,300,Poor
101914,40,141310,1493401,60,0.82,6,1,2,371,Poor
101915,46,166130,116253,120,0.62,4,4,1,544,Poor
101916,49,166385,528697,180,0.74,2,1,19,741,Good
101917,21,34149,665416,120,0.74,0,4,4,610,Fair
101918,55,145064,211081,120,0.37,8,1,10,522,Poor
101919,26,68521,964013,48,0.3,4,6,24,649,Fair
101920,57,60740,685254,240,0.77,8,3,2,327,Poor
101921,25,121611,1236430,240,0.39,9,7,2,300,Poor
101922,53,151028,673640,60,0.86,3,0,21,701,Good
101923,34,81641,469149,120,0.11,4,6,4,556,Fair
101924,32,78811,1962162,120,0.1,3,3,21,638,Fair
101925,62,198232,1762243,12,0.88,1,4,22,664,Good
101926,40,197385,797567,12,0.63,0,5,10,700,Good
101927,44,78232,1860145,12,0.39,7,5,2,300,Poor
101928,63,30417,682585,24,0.73,3,2,12,588,Fair
101929,54,170801,1829810,120,0.66,4,3,20,566,Fair
101930,45,127492,612634,240,0.53,5,1,7,547,Poor
101931,49,45099,1210714,240,0.14,7,0,19,557,Fair
101932,59,176033,362916,24,0.78,7,1,9,497,Poor
101933,51,158674,90149,240,0.83,6,1,1,479,Poor
101934,63,133474,398844,60,0.2,3,3,3,623,Fair
101935,43,24256,1781462,180,0.82,5,7,17,407,Poor
101936,64,49681,933190,48,0.84,3,0,18,628,Fair
101937,58,106328,1577504,120,0.54,6,2,3,385,Poor
101938,40,58361,178447,240,0.64,0,6,19,768,Excellent
101939,43,49540,511693,48,0.39,4,1,8,591,Fair
101940,36,172608,1104271,240,0.3,9,0,15,482,Poor
101941,62,99700,1662033,180,0.7,9,2,5,300,Poor
101942,28,93532,884379,12,0.83,3,6,24,635,Fair
101943,41,142626,1276872,120,0.64,6,1,3,418,Poor
101944,21,148943,882297,36,0.51,8,0,8,447,Poor
101945,28,61002,730913,24,0.19,4,6,12,583,Fair
101946,49,64812,1465221,24,0.1,3,3,8,569,Fair
101947,52,168698,1421130,120,0.45,8,7,5,323,Poor
101948,58,123946,1464474,180,0.09,4,5,20,629,Fair
101949,25,81668,403039,12,0.56,8,5,18,489,Poor
101950,42,114003,992320,24,0.39,7,1,13,507,Poor
101951,54,57998,1808962,12,0.73,3,1,20,580,Fair
101952,21,119601,1411425,60,0.33,6,6,14,475,Poor
101953,46,191679,242994,48,0.58,4,0,2,594,Fair
101954,63,22812,1476420,180,0.53,9,5,4,300,Poor
101955,30,76844,910346,36,0.05,3,1,20,739,Good
101956,50,148251,1100457,48,0.12,4,2,17,668,Good
101957,38,189870,359509,48,0.31,4,1,13,695,Good
101958,37,89601,1619720,60,0.84,8,5,15,337,Poor
101959,46,154347,1177787,24,0.18,8,4,13,464,Poor
101960,28,196646,1037626,36,0.69,5,7,8,462,Poor
101961,60,62857,1254654,24,0.93,3,5,14,514,Poor
101962,32,140555,1401918,120,0.76,1,2,6,582,Fair
101963,47,35700,990335,48,0.27,2,0,13,683,Good
101964,28,185536,1985657,120,0.87,1,2,5,527,Poor
101965,45,188423,1524235,12,0.13,4,4,20,649,Fair
101966,24,108330,1009820,48,0.47,5,4,14,542,Poor
101967,53,159941,1325779,24,0.85,4,1,19,592,Fair
101968,21,167026,769846,48,0.63,1,1,7,674,Good
101969,39,177627,1759813,12,0.42,4,5,1,430,Poor
101970,51,78353,1138129,60,0.31,8,3,7,391,Poor
101971,36,191098,1605929,120,0.39,3,7,0,457,Poor
101972,34,115772,1496714,240,0.51,9,2,16,397,Poor
101973,25,193048,959210,120,0.34,1,5,18,749,Good
101974,61,106502,710046,24,0.92,2,3,4,547,Poor
101975,46,128943,82766,48,0.89,2,5,21,723,Good
101976,48,124850,1917014,24,0.83,8,7,19,336,Poor
101977,22,60095,605710,60,0.43,3,7,15,613,Fair
101978,26,160342,953022,48,0.67,0,4,6,649,Fair
101979,29,176980,324349,240,0.86,0,1,6,712,Good
101980,53,30523,529806,48,0.82,6,1,17,534,Poor
101981,61,77433,1253175,240,0.42,6,7,17,479,Poor
101982,45,193140,1865419,24,0.15,1,5,1,564,Fair
101983,33,34991,1510235,24,0.12,8,7,14,387,Poor
101984,29,25775,1508316,12,0.57,8,1,13,383,Poor
101985,33,99995,1477197,180,0.63,4,0,17,582,Fair
101986,51,162745,1126778,180,0.81,2,5,8,555,Fair
101987,61,137808,489358,60,0.31,2,4,13,709,Good
101988,31,173128,898124,180,0.2,2,6,4,608,Fair
101989,24,152686,787744,12,0.39,5,5,10,541,Poor
101990,54,22415,70855,120,0.37,3,5,7,608,Fair
101991,58,189956,526963,240,0.17,7,1,4,521,Poor
101992,24,163036,1814308,48,0.66,4,4,10,475,Poor
101993,58,183798,861527,24,0.51,0,5,4,657,Good
101994,39,52044,1006228,48,0.7,8,1,16,439,Poor
101995,26,183616,361385,48,0.37,0,7,21,830,Excellent
101996,54,64976,677407,36,0.34,5,2,3,504,Poor
101997,38,178324,1674867,120,0.48,0,4,14,684,Good
101998,33,18832,1560171,36,0.84,2,3,18,574,Fair
101999,61,49148,1193413,180,0.09,9,0,21,511,Poor
102000,43,127230,273068,48,0.77,4,3,1,512,Poor
